순번,자켓품번,실측카드사진,자켓정면사진,브랜드라벨사진,판독브랜드,가죽소재,원산지,어깨(cm),가슴(cm),기장(cm),소매(cm),사진범위,상품폴더,상품명
1,O94-#1,photo_002.jpg,photo_003.jpg,photo_008.jpg,빈티지 오리지널,천연가죽,불명,-,-,-,-,photo_002.jpg ~ photo_009.jpg (8장),item_1007701910240,vintage古着皮衣 绵羊皮简约翻领廓形衬衫款外套时尚老爹风男O94
2,O94-#2,photo_010.jpg,photo_011.jpg,photo_014.jpg,빈티지 오리지널,천연가죽,불명,-,-,-,-,photo_010.jpg ~ photo_015.jpg (6장),item_1007701910240,vintage古着皮衣 绵羊皮简约翻领廓形衬衫款外套时尚老爹风男O94
3,096,photo_016.jpg,photo_017.jpg,photo_021.jpg,SORGENTE C·A·S·U·A·L,羊皮 (양가죽),일본,50,62,82,61,photo_016.jpg ~ photo_024.jpg (9장),item_1007701910240,vintage古着皮衣 绵羊皮简约翻领廓形衬衫款外套时尚老爹风男O94
4,O94-#4,photo_025.jpg,photo_026.jpg,photo_033.jpg,빈티지 오리지널,천연가죽,불명,-,-,-,-,photo_025.jpg ~ photo_034.jpg (10장),item_1007701910240,vintage古着皮衣 绵羊皮简约翻领廓形衬衫款外套时尚老爹风男O94
5,098,photo_035.jpg,photo_036.jpg,photo_040.jpg,빈티지 오리지널 (무명),"양가죽 (羊皮, Sheep Leather)",확인불가 (라벨/원산지 표기 판독 불가),49,59,80,64,photo_035.jpg ~ photo_041.jpg (7장),item_1007701910240,vintage古着皮衣 绵羊皮简约翻领廓形衬衫款外套时尚老爹风男O94
6,079,photo_042.jpg,photo_043.jpg,photo_047.jpg,빈티지 오리지널 (무명),皮,알 수 없음,38,45,80,60,photo_042.jpg ~ photo_048.jpg (7장),item_1007701910240,vintage古着皮衣 绵羊皮简约翻领廓形衬衫款外套时尚老爹风男O94
7,O94-#7,photo_049.jpg,photo_050.jpg,photo_052.jpg,빈티지 오리지널,천연가죽,불명,-,-,-,-,photo_049.jpg ~ photo_056.jpg (8장),item_1007701910240,vintage古着皮衣 绵羊皮简约翻领廓形衬衫款外套时尚老爹风男O94
8,0101,photo_057.jpg,photo_058.jpg,photo_062.jpg,빈티지 오리지널 (무명),가죽 (표기: 皮 / 소가죽 추정),미상,连肩(래글런) - 수치 표기 없음,55,82,68,photo_057.jpg ~ photo_063.jpg (7장),item_1007701910240,vintage古着皮衣 绵羊皮简约翻领廓形衬衫款外套时尚老爹风男O94
9,0102,photo_064.jpg,photo_065.jpg,photo_069.jpg,빈티지 오리지널 (무명),소가죽 (皮),확인불가,49,54,73,55,photo_064.jpg ~ photo_070.jpg (7장),item_1007701910240,vintage古着皮衣 绵羊皮简约翻领廓形衬衫款外套时尚老爹风男O94
10,0103,photo_071.jpg,photo_072.jpg,photo_074.jpg,빈티지 오리지널 (무명),천연가죽 (소가죽 추정),미상,49,57,76,62,photo_071.jpg ~ photo_078.jpg (8장),item_1007701910240,vintage古着皮衣 绵羊皮简约翻领廓形衬衫款外套时尚老爹风男O94
11,0164,photo_079.jpg,photo_080.jpg,photo_085.jpg,빈티지 오리지널 (무명),양가죽 (羊),미상,45,55,77,59,photo_079.jpg ~ photo_086.jpg (8장),item_1007701910240,vintage古着皮衣 绵羊皮简约翻领廓形衬衫款外套时尚老爹风男O94
12,O94-#12,photo_087.jpg,photo_088.jpg,photo_092.jpg,빈티지 오리지널,천연가죽,불명,-,-,-,-,photo_087.jpg ~ photo_093.jpg (7장),item_1007701910240,vintage古着皮衣 绵羊皮简约翻领廓形衬衫款外套时尚老爹风男O94
13,O94-#13,photo_094.jpg,photo_095.jpg,photo_100.jpg,빈티지 오리지널,천연가죽,불명,-,-,-,-,photo_094.jpg ~ photo_101.jpg (8장),item_1007701910240,vintage古着皮衣 绵羊皮简约翻领廓形衬衫款外套时尚老爹风男O94
14,O94-#14,photo_102.jpg,photo_103.jpg,photo_108.jpg,빈티지 오리지널,천연가죽,불명,-,-,-,-,photo_102.jpg ~ photo_111.jpg (10장),item_1007701910240,vintage古着皮衣 绵羊皮简约翻领廓形衬衫款外套时尚老爹风男O94
15,O94-#15,photo_112.jpg,photo_113.jpg,photo_116.jpg,빈티지 오리지널,천연가죽,불명,-,-,-,-,photo_112.jpg ~ photo_117.jpg (6장),item_1007701910240,vintage古着皮衣 绵羊皮简约翻领廓形衬衫款外套时尚老爹风男O94
16,O94-#16,photo_118.jpg,photo_119.jpg,photo_122.jpg,빈티지 오리지널,천연가죽,불명,-,-,-,-,photo_118.jpg ~ photo_125.jpg (8장),item_1007701910240,vintage古着皮衣 绵羊皮简约翻领廓形衬衫款外套时尚老爹风男O94
17,O94-#17,photo_126.jpg,photo_127.jpg,photo_129.jpg,빈티지 오리지널,천연가죽,불명,-,-,-,-,photo_126.jpg ~ photo_133.jpg (8장),item_1007701910240,vintage古着皮衣 绵羊皮简约翻领廓形衬衫款外套时尚老爹风男O94
18,O94-#18,photo_134.jpg,photo_135.jpg,photo_138.jpg,빈티지 오리지널,천연가죽,불명,-,-,-,-,photo_134.jpg ~ photo_141.jpg (8장),item_1007701910240,vintage古着皮衣 绵羊皮简约翻领廓形衬衫款外套时尚老爹风男O94
19,O112,photo_142.jpg,photo_143.jpg,photo_148.jpg,Schott,양가죽 (羊皮),미확인 (라벨상 원산지 표기 판독 불가),46,54,86,62,photo_142.jpg ~ photo_149.jpg (8장),item_1007701910240,vintage古着皮衣 绵羊皮简约翻领廓形衬衫款外套时尚老爹风男O94
20,O94-#20,photo_150.jpg,photo_151.jpg,photo_156.jpg,빈티지 오리지널,천연가죽,불명,-,-,-,-,photo_150.jpg ~ photo_157.jpg (8장),item_1007701910240,vintage古着皮衣 绵羊皮简约翻领廓形衬衫款外套时尚老爹风男O94
21,O94-#21,photo_158.jpg,photo_159.jpg,photo_162.jpg,빈티지 오리지널,천연가죽,불명,-,-,-,-,photo_158.jpg ~ photo_165.jpg (8장),item_1007701910240,vintage古着皮衣 绵羊皮简约翻领廓形衬衫款外套时尚老爹风男O94
22,C115,photo_166.jpg,photo_167.jpg,photo_170.jpg,빈티지 오리지널 (무명),皮 (Leather),미상,51,55,88,63,photo_166.jpg ~ photo_171.jpg (6장),item_1007701910240,vintage古着皮衣 绵羊皮简约翻领廓形衬衫款外套时尚老爹风男O94
23,O116,photo_172.jpg,photo_173.jpg,photo_176.jpg,Cizenne,"가죽 (皮, 상세 종류 미표기)",미표기 (사진상 확인 불가),"连肩 (래글런, 수치 미기재)",58,72,66,photo_172.jpg ~ photo_179.jpg (8장),item_1007701910240,vintage古着皮衣 绵羊皮简约翻领廓形衬衫款外套时尚老爹风男O94
24,O117,photo_180.jpg,photo_181.jpg,photo_184.jpg,DRAGON of SILKROAD (MODA ITALIANA),"가죽 (革) - 세부 종류 판별 불가, 소가죽 추정",이탈리아 표기 (MODA ITALIANA) / 실 제조국 미표기,"连肩 (라글란 소매, 어깨 실측 불가)",62 (x2),86,77,photo_180.jpg ~ photo_187.jpg (8장),item_1007701910240,vintage古着皮衣 绵羊皮简约翻领廓形衬衫款外套时尚老爹风男O94
25,O94-#25,photo_188.jpg,photo_189.jpg,photo_192.jpg,빈티지 오리지널,천연가죽,불명,-,-,-,-,photo_188.jpg ~ photo_195.jpg (8장),item_1007701910240,vintage古着皮衣 绵羊皮简约翻领廓形衬衫款外套时尚老爹风男O94
26,C119,photo_196.jpg,photo_197.jpg,photo_200.jpg,CINOO HOMME,양가죽 (羊皮),판독 불가 (라벨에 원산지 표기 없음),50,56,94,64,photo_196.jpg ~ photo_203.jpg (8장),item_1007701910240,vintage古着皮衣 绵羊皮简约翻领廓形衬衫款外套时尚老爹风男O94
27,O94-#27,photo_204.jpg,photo_205.jpg,photo_207.jpg,빈티지 오리지널,천연가죽,불명,-,-,-,-,photo_204.jpg ~ photo_213.jpg (10장),item_1007701910240,vintage古着皮衣 绵羊皮简约翻领廓形衬衫款外套时尚老爹风男O94
28,O73,photo_002.jpg,photo_003.jpg,photo_006.jpg,dual,소가죽 (牛皮),미상,47,52,89,64,photo_002.jpg ~ photo_010.jpg (9장),item_1009275796743,vintage古着皮衣 中长款休闲单排扣西服皮大衣真皮风衣外套男O73
29,074,photo_011.jpg,photo_012.jpg,photo_015.jpg,S.K LEATHER,가죽 (라벨상 세부 종류 미표기),미상 (제조국 라벨 없음),46,51,80,62,photo_011.jpg ~ photo_017.jpg (7장),item_1009275796743,vintage古着皮衣 中长款休闲单排扣西服皮大衣真皮风衣外套男O73
30,O75,photo_018.jpg,photo_019.jpg,photo_022.jpg,빈티지 오리지널 (무명),가죽 (소가죽 추정),일본 (추정),48,51,75,57,photo_018.jpg ~ photo_024.jpg (7장),item_1009275796743,vintage古着皮衣 中长款休闲单排扣西服皮大衣真皮风衣外套男O73
31,076,photo_025.jpg,photo_026.jpg,photo_029.jpg,In Duck,皮 (Leather),South Korea,45,53,83,62,photo_025.jpg ~ photo_032.jpg (8장),item_1009275796743,vintage古着皮衣 中长款休闲单排扣西服皮大衣真皮风衣外套男O73
32,O73-#5,photo_033.jpg,photo_034.jpg,photo_037.jpg,빈티지 오리지널,천연가죽,불명,-,-,-,-,photo_033.jpg ~ photo_039.jpg (7장),item_1009275796743,vintage古着皮衣 中长款休闲单排扣西服皮大衣真皮风衣外套男O73
33,O73-#6,photo_040.jpg,photo_041.jpg,photo_044.jpg,빈티지 오리지널,천연가죽,불명,-,-,-,-,photo_040.jpg ~ photo_045.jpg (6장),item_1009275796743,vintage古着皮衣 中长款休闲单排扣西服皮大衣真皮风衣外套男O73
34,078,photo_046.jpg,photo_047.jpg,photo_050.jpg,빈티지 오리지널 (무명),가죽 (종류 미상),판독 불가,49,57,82,62,photo_046.jpg ~ photo_051.jpg (6장),item_1009275796743,vintage古着皮衣 中长款休闲单排扣西服皮大衣真皮风衣外套男O73
35,M1,photo_052.jpg,photo_053.jpg,photo_056.jpg,BANANA REPUBLIC,100% Genuine Leather,MADE IN KOREA,48,54,88,61,photo_052.jpg ~ photo_059.jpg (8장),item_1009275796743,vintage古着皮衣 中长款休闲单排扣西服皮大衣真皮风衣外套男O73
36,O73-#9,photo_060.jpg,photo_061.jpg,photo_064.jpg,빈티지 오리지널,천연가죽,불명,-,-,-,-,photo_060.jpg ~ photo_067.jpg (8장),item_1009275796743,vintage古着皮衣 中长款休闲单排扣西服皮大衣真皮风衣外套男O73
37,O73-#10,photo_068.jpg,photo_069.jpg,photo_074.jpg,빈티지 오리지널,천연가죽,불명,-,-,-,-,photo_068.jpg ~ photo_075.jpg (8장),item_1009275796743,vintage古着皮衣 中长款休闲单排扣西服皮大衣真皮风衣外套男O73
38,O73-#11,photo_076.jpg,photo_077.jpg,photo_080.jpg,빈티지 오리지널,천연가죽,불명,-,-,-,-,photo_076.jpg ~ photo_082.jpg (7장),item_1009275796743,vintage古着皮衣 中长款休闲单排扣西服皮大衣真皮风衣外套男O73
39,O73-#12,photo_083.jpg,photo_084.jpg,photo_089.jpg,빈티지 오리지널,천연가죽,불명,-,-,-,-,photo_083.jpg ~ photo_090.jpg (8장),item_1009275796743,vintage古着皮衣 中长款休闲单排扣西服皮大衣真皮风衣外套男O73
40,O73-#13,photo_091.jpg,photo_092.jpg,photo_095.jpg,빈티지 오리지널,천연가죽,불명,-,-,-,-,photo_091.jpg ~ photo_098.jpg (8장),item_1009275796743,vintage古着皮衣 中长款休闲单排扣西服皮大衣真皮风衣外套男O73
41,O73-#14,photo_099.jpg,photo_100.jpg,photo_104.jpg,빈티지 오리지널,천연가죽,불명,-,-,-,-,photo_099.jpg ~ photo_105.jpg (7장),item_1009275796743,vintage古着皮衣 中长款休闲单排扣西服皮大衣真皮风衣外套男O73
42,086,photo_106.jpg,photo_107.jpg,photo_110.jpg,Canvas Classics,천연가죽 (세부 종류 확인 불가),확인 불가,48,57,80,57,photo_106.jpg ~ photo_113.jpg (8장),item_1009275796743,vintage古着皮衣 中长款休闲单排扣西服皮大衣真皮风衣外套男O73
43,087,photo_114.jpg,photo_115.jpg,photo_118.jpg,빈티지 오리지널 (무명),소가죽,한국,51,50,79,61,photo_114.jpg ~ photo_120.jpg (7장),item_1009275796743,vintage古着皮衣 中长款休闲单排扣西服皮大衣真皮风衣外套男O73
44,O73-#17,photo_121.jpg,photo_122.jpg,photo_125.jpg,빈티지 오리지널,천연가죽,불명,-,-,-,-,photo_121.jpg ~ photo_128.jpg (8장),item_1009275796743,vintage古着皮衣 中长款休闲单排扣西服皮大衣真皮风衣外套男O73
45,099,photo_129.jpg,photo_130.jpg,photo_133.jpg,SHAKE (LEATHER WEAR HOUSE),"皮 (레더/가죽 - 라벨상 세부 가죽 종류 미표기, 소가죽 추정)",확인 불가 (라벨에 제조국 미표기),50,54,81,61,photo_129.jpg ~ photo_137.jpg (9장),item_1009275796743,vintage古着皮衣 中长款休闲单排扣西服皮大衣真皮风衣外套男O73
46,090,photo_138.jpg,photo_139.jpg,photo_142.jpg,MiniVer Pinetree,가죽 (皮),미상,43,51,81,62,photo_138.jpg ~ photo_145.jpg (8장),item_1009275796743,vintage古着皮衣 中长款休闲单排扣西服皮大衣真皮风衣外套男O73
47,O73-#20,photo_146.jpg,photo_147.jpg,photo_150.jpg,빈티지 오리지널,천연가죽,불명,-,-,-,-,photo_146.jpg ~ photo_152.jpg (7장),item_1009275796743,vintage古着皮衣 中长款休闲单排扣西服皮大衣真皮风衣外套男O73
48,092,photo_153.jpg,photo_154.jpg,photo_157.jpg,Choppo,가죽 (Leather),일본 (Japan),49,56,89,57,photo_153.jpg ~ photo_161.jpg (9장),item_1009275796743,vintage古着皮衣 中长款休闲单排扣西服皮大衣真皮风衣外套男O73
49,093,photo_162.jpg,photo_163.jpg,photo_166.jpg,dual,"가죽 (皮, 상세 종류 미표기)",미표기,48,54,87,63,photo_162.jpg ~ photo_170.jpg (9장),item_1009275796743,vintage古着皮衣 中长款休闲单排扣西服皮大衣真皮风衣外套男O73
50,X31,photo_002.jpg,photo_003.jpg,photo_005.jpg,COPPOLA CLASSICS,羊皮 (Sheepskin),정보 없음,48,55,67,59,photo_002.jpg ~ photo_008.jpg (7장),item_1054456462690,vintage古着皮衣 男士修身机车款头层绵羊皮真皮外套时尚夹克 X31
51,X32,photo_009.jpg,photo_010.jpg,photo_013.jpg,빈티지 오리지널,양가죽,중국,49,62,69,64,photo_009.jpg ~ photo_015.jpg (7장),item_1054456462690,vintage古着皮衣 男士修身机车款头层绵羊皮真皮外套时尚夹克 X31
52,X33,photo_016.jpg,photo_017.jpg,photo_021.jpg,빈티지 오리지널 (무명),양가죽 (羊皮 / Sheep Leather),대한민국 (한국),48,57,68,60,photo_016.jpg ~ photo_022.jpg (7장),item_1054456462690,vintage古着皮衣 男士修身机车款头层绵羊皮真皮外套时尚夹克 X31
53,X34,photo_023.jpg,photo_024.jpg,photo_027.jpg,Dayson,羊皮 (Sheep Leather),불명,48,59,63,63,photo_023.jpg ~ photo_030.jpg (8장),item_1054456462690,vintage古着皮衣 男士修身机车款头层绵羊皮真皮外套时尚夹克 X31
54,X35,photo_031.jpg,photo_032.jpg,photo_037.jpg,빈티지 오리지널,양가죽,불명,49,38,65,61,photo_031.jpg ~ photo_038.jpg (8장),item_1054456462690,vintage古着皮衣 男士修身机车款头层绵羊皮真皮外套时尚夹克 X31
55,X36,photo_039.jpg,photo_040.jpg,photo_045.jpg,빈티지 오리지널 (무명),羊皮 (양가죽),불명,47,56,68,58,photo_039.jpg ~ photo_046.jpg (8장),item_1054456462690,vintage古着皮衣 男士修身机车款头层绵羊皮真皮外套时尚夹克 X31
56,X37,photo_047.jpg,photo_048.jpg,photo_053.jpg,빈티지 오리지널,양가죽,불명,48,57,63,61,photo_047.jpg ~ photo_054.jpg (8장),item_1054456462690,vintage古着皮衣 男士修身机车款头层绵羊皮真皮外套时尚夹克 X31
57,X38,photo_055.jpg,photo_056.jpg,photo_059.jpg,Leather Valley,양가죽 (羊皮),불명,47,58,66,59,photo_055.jpg ~ photo_061.jpg (7장),item_1054456462690,vintage古着皮衣 男士修身机车款头层绵羊皮真皮外套时尚夹克 X31
58,X39,photo_062.jpg,photo_063.jpg,photo_068.jpg,Tredro,Sheepskin,Unknown,49,58,64,57,photo_062.jpg ~ photo_069.jpg (8장),item_1054456462690,vintage古着皮衣 男士修身机车款头层绵羊皮真皮外套时尚夹克 X31
59,X40,photo_070.jpg,photo_071.jpg,photo_077.jpg,빈티지 오리지널 (무명),양가죽 (羊皮),불명,51,62,69,62,photo_070.jpg ~ photo_078.jpg (9장),item_1054456462690,vintage古着皮衣 男士修身机车款头层绵羊皮真皮外套时尚夹克 X31
60,X41,photo_079.jpg,photo_080.jpg,photo_083.jpg,TOWNGENT,양가죽 (羊皮),미표기 (라벨상 확인 불가),48,60,67,64,photo_079.jpg ~ photo_085.jpg (7장),item_1054456462690,vintage古着皮衣 男士修身机车款头层绵羊皮真皮外套时尚夹克 X31
61,X42,photo_086.jpg,photo_087.jpg,photo_090.jpg,Shamain,양가죽,일본,50,59,64,63,photo_086.jpg ~ photo_093.jpg (8장),item_1054456462690,vintage古着皮衣 男士修身机车款头层绵羊皮真皮外套时尚夹克 X31
62,X43,photo_094.jpg,photo_095.jpg,photo_099.jpg,빈티지 오리지널 (무명),양가죽 (羊皮),중국,50,63,67,65,photo_094.jpg ~ photo_100.jpg (7장),item_1054456462690,vintage古着皮衣 男士修身机车款头层绵羊皮真皮外套时尚夹克 X31
63,X44,photo_101.jpg,photo_102.jpg,photo_105.jpg,BOBAERE,羊皮 (Sheepskin/Lamb Leather),Italy (ITLAY 표기),48,53,67,65,photo_101.jpg ~ photo_107.jpg (7장),item_1054456462690,vintage古着皮衣 男士修身机车款头层绵羊皮真皮外套时尚夹克 X31
64,X45,photo_108.jpg,photo_109.jpg,photo_112.jpg,SHIA SOHIA CLASSIC,양가죽 (羊皮),확인 불가 (라벨 미표기),44,53,63,59,photo_108.jpg ~ photo_115.jpg (8장),item_1054456462690,vintage古着皮衣 男士修身机车款头层绵羊皮真皮外套时尚夹克 X31
65,X46,photo_116.jpg,photo_117.jpg,photo_120.jpg,GALAXY CASUAL,양가죽 (Sheep Leather),미상 (라벨 표기 없음),50,61,69,62,photo_116.jpg ~ photo_122.jpg (7장),item_1054456462690,vintage古着皮衣 男士修身机车款头层绵羊皮真皮外套时尚夹克 X31
66,X47,photo_123.jpg,photo_124.jpg,photo_127.jpg,PAT,羊皮,未标注,47,60,66,62,photo_123.jpg ~ photo_130.jpg (8장),item_1054456462690,vintage古着皮衣 男士修身机车款头层绵羊皮真皮外套时尚夹克 X31
67,X48,photo_131.jpg,photo_132.jpg,photo_135.jpg,ANITA,양가죽,불명,46,56,65,55,photo_131.jpg ~ photo_137.jpg (7장),item_1054456462690,vintage古着皮衣 男士修身机车款头层绵羊皮真皮外套时尚夹克 X31
68,X49,photo_138.jpg,photo_139.jpg,photo_144.jpg,빈티지 오리지널 (무명),양가죽 (羊皮 / Sheepskin),미상 (라벨 판독 불가),49,64,68,62,photo_138.jpg ~ photo_145.jpg (8장),item_1054456462690,vintage古着皮衣 男士修身机车款头层绵羊皮真皮外套时尚夹克 X31
69,X50,photo_146.jpg,photo_147.jpg,photo_149.jpg,빈티지 오리지널 (무명),양가죽 (羊皮),불명,48,55,66,57,photo_146.jpg ~ photo_153.jpg (8장),item_1054456462690,vintage古着皮衣 男士修身机车款头层绵羊皮真皮外套时尚夹克 X31
70,X51,photo_154.jpg,photo_155.jpg,photo_158.jpg,Dayson,羊皮 (Sheepskin),정보 없음,51,62,67,65,photo_154.jpg ~ photo_161.jpg (8장),item_1054456462690,vintage古着皮衣 男士修身机车款头层绵羊皮真皮外套时尚夹克 X31
71,x52,photo_162.jpg,photo_163.jpg,photo_168.jpg,빈티지 오리지널,양가죽,불명,47,59,66,60,photo_162.jpg ~ photo_169.jpg (8장),item_1054456462690,vintage古着皮衣 男士修身机车款头层绵羊皮真皮外套时尚夹克 X31
72,X53,photo_170.jpg,photo_171.jpg,photo_174.jpg,CK,양가죽,불명,51,57,64,62,photo_170.jpg ~ photo_177.jpg (8장),item_1054456462690,vintage古着皮衣 男士修身机车款头层绵羊皮真皮外套时尚夹克 X31
73,X54,photo_178.jpg,photo_179.jpg,photo_183.jpg,빈티지 오리지널,양가죽,불명,50,61,69,66,photo_178.jpg ~ photo_184.jpg (7장),item_1054456462690,vintage古着皮衣 男士修身机车款头层绵羊皮真皮外套时尚夹克 X31
74,X65,photo_185.jpg,photo_186.jpg,photo_189.jpg,SINHWA MODE,양가죽 (羊皮),한국 (추정),48,86,65,63,photo_185.jpg ~ photo_192.jpg (8장),item_1054456462690,vintage古着皮衣 男士修身机车款头层绵羊皮真皮外套时尚夹克 X31
75,X56,photo_193.jpg,photo_194.jpg,photo_197.jpg,Red Rex,양가죽 (羊皮),미표기,48,57,66,63,photo_193.jpg ~ photo_200.jpg (8장),item_1054456462690,vintage古着皮衣 男士修身机车款头层绵羊皮真皮外套时尚夹克 X31
76,X57,photo_201.jpg,photo_202.jpg,photo_205.jpg,m vio (American & European Style),"羊皮加厚 (양가죽, 두꺼운 두께)",미상 (라벨에 원산지 표기 없음),49,58 (단면 x2 = 116),68,62,photo_201.jpg ~ photo_208.jpg (8장),item_1054456462690,vintage古着皮衣 男士修身机车款头层绵羊皮真皮外套时尚夹克 X31
77,X58,photo_209.jpg,photo_210.jpg,photo_213.jpg,ZIOZIA,양가죽 (羊皮),확인불가 (라벨/실측카드에 원산지 표기 없음),50,55,68,63,photo_209.jpg ~ photo_215.jpg (7장),item_1054456462690,vintage古着皮衣 男士修身机车款头层绵羊皮真皮外套时尚夹克 X31
78,X59,photo_216.jpg,photo_217.jpg,photo_220.jpg,schott nychild,양가죽,미국,47,58,65,61,photo_216.jpg ~ photo_223.jpg (8장),item_1054456462690,vintage古着皮衣 男士修身机车款头层绵羊皮真皮外套时尚夹克 X31
79,X60,photo_224.jpg,photo_225.jpg,photo_229.jpg,ZIO SONGZIO,羊皮,韩国,50,57,64,64,photo_224.jpg ~ photo_232.jpg (9장),item_1054456462690,vintage古着皮衣 男士修身机车款头层绵羊皮真皮外套时尚夹克 X31
80,M1,photo_002.jpg,photo_003.jpg,photo_007.jpg,AL.cardin,양가죽 (羊皮),미표기,51,66,68,77,photo_002.jpg ~ photo_010.jpg (9장),item_1061875162656,vintage古着皮衣 港式复古风宽松机车款皮夹克飞行员外套男款M1
81,M1-#2,photo_011.jpg,photo_012.jpg,photo_018.jpg,빈티지 오리지널,천연가죽,불명,-,-,-,-,photo_011.jpg ~ photo_019.jpg (9장),item_1061875162656,vintage古着皮衣 港式复古风宽松机车款皮夹克飞行员外套男款M1
82,M3,photo_020.jpg,photo_021.jpg,photo_026.jpg,DANDOL,양가죽 (羊皮),불명,连肩,62,64,76,photo_020.jpg ~ photo_030.jpg (11장),item_1061875162656,vintage古着皮衣 港式复古风宽松机车款皮夹克飞行员外套男款M1
83,M4,photo_031.jpg,photo_032.jpg,photo_036.jpg,Mr.Victor,羊皮 (양가죽/쉽레더),확인 불가 (라벨에 원산지 표기 없음),54,66,67,62,photo_031.jpg ~ photo_039.jpg (9장),item_1061875162656,vintage古着皮衣 港式复古风宽松机车款皮夹克飞行员外套男款M1
84,M5,photo_040.jpg,photo_041.jpg,photo_050.jpg,빈티지 오리지널 (무명),양가죽,확인불가,32,60,64,59,photo_040.jpg ~ photo_051.jpg (12장),item_1061875162656,vintage古着皮衣 港式复古风宽松机车款皮夹克飞行员外套男款M1
85,M6,photo_052.jpg,photo_053.jpg,photo_059.jpg,LOAN CREDO,양가죽 (羊皮),미상 (라벨/실측카드에 원산지 표기 없음),50,59,64,61,photo_052.jpg ~ photo_062.jpg (11장),item_1061875162656,vintage古着皮衣 港式复古风宽松机车款皮夹克飞行员外套男款M1
86,M7,photo_063.jpg,photo_064.jpg,photo_068.jpg,빈티지 오리지널,양가죽,불명,56,63,66,59,photo_063.jpg ~ photo_070.jpg (8장),item_1061875162656,vintage古着皮衣 港式复古风宽松机车款皮夹克飞行员外套男款M1
87,M8,photo_071.jpg,photo_072.jpg,photo_076.jpg,NOVA,양가죽,불명,58,63,67,59,photo_071.jpg ~ photo_079.jpg (9장),item_1061875162656,vintage古着皮衣 港式复古风宽松机车款皮夹克飞行员外套男款M1
88,M9,photo_080.jpg,photo_081.jpg,photo_088.jpg,NEXO,양가죽,불명,-,63,66,79,photo_080.jpg ~ photo_092.jpg (13장),item_1061875162656,vintage古着皮衣 港式复古风宽松机车款皮夹克飞行员外套男款M1
89,M10,photo_093.jpg,photo_094.jpg,photo_101.jpg,Mathias (self-expression),가죽(피혁) - 카드에 '面料: 被(皮)'로만 표기되어 상세 가죽 종류(양/소/말 등) 판독 불가,"판독 불가 (브랜드 라벨에 'Mathias self-expression'과 사이즈 '100'만 표기, 원산지 표기 없음)",连肩(라글란 소매) - 어깨 실측 수치 미기재,60,65,78,photo_093.jpg ~ photo_103.jpg (11장),item_1061875162656,vintage古着皮衣 港式复古风宽松机车款皮夹克飞行员外套男款M1
90,M11,photo_104.jpg,photo_105.jpg,photo_112.jpg,Schott,羊皮,미국,连肩,64,66,78,photo_104.jpg ~ photo_113.jpg (10장),item_1061875162656,vintage古着皮衣 港式复古风宽松机车款皮夹克飞行员外套男款M1
91,M12,photo_114.jpg,photo_115.jpg,photo_119.jpg,빈티지 오리지널 (무명),羊皮 (양가죽),한국 (대한민국),53,60,65,58,photo_114.jpg ~ photo_121.jpg (8장),item_1061875162656,vintage古着皮衣 港式复古风宽松机车款皮夹克飞行员外套男款M1
92,M13,photo_122.jpg,photo_123.jpg,photo_129.jpg,빈티지 오리지널 (무명),양가죽 (羊皮),확인 불가 (라벨에 제조국 표기 없음),53,116 (실측카드 胸围x2 58cm 표기),61,58,photo_122.jpg ~ photo_130.jpg (9장),item_1061875162656,vintage古着皮衣 港式复古风宽松机车款皮夹克飞行员外套男款M1
93,M1-#14,photo_131.jpg,photo_132.jpg,photo_136.jpg,빈티지 오리지널,천연가죽,불명,-,-,-,-,photo_131.jpg ~ photo_138.jpg (8장),item_1061875162656,vintage古着皮衣 港式复古风宽松机车款皮夹克飞行员外套男款M1
94,M15,photo_139.jpg,photo_140.jpg,photo_147.jpg,빈티지 오리지널 (무명),"양가죽 (羊皮, Sheep Leather)",미상 (라벨 판독 불가),连肩 (라글란 소매 / 어깨선 없음),57,62,70,photo_139.jpg ~ photo_148.jpg (10장),item_1061875162656,vintage古着皮衣 港式复古风宽松机车款皮夹克飞行员外套男款M1
95,M16,photo_149.jpg,photo_150.jpg,photo_154.jpg,Esthete,양가죽 (羊皮),"일본 (추정, 라벨상 명기 없음)",55,59,65,56,photo_149.jpg ~ photo_157.jpg (9장),item_1061875162656,vintage古着皮衣 港式复古风宽松机车款皮夹克飞行员外套男款M1
96,M17,photo_158.jpg,photo_159.jpg,photo_165.jpg,빈티지 오리지널 (무명),"가죽 (革, 面料 표기 확인 / 세부 종류는 라벨상 판독 불가)",판독 불가 (원산지 표기 라벨 없음),50,61,65,59,photo_158.jpg ~ photo_166.jpg (9장),item_1061875162656,vintage古着皮衣 港式复古风宽松机车款皮夹克飞行员外套男款M1
97,M18,photo_167.jpg,photo_168.jpg,photo_174.jpg,빈티지 오리지널 (무명),양가죽,알 수 없음,50,58,62,57,photo_167.jpg ~ photo_175.jpg (9장),item_1061875162656,vintage古着皮衣 港式复古风宽松机车款皮夹克飞行员外套男款M1
98,M1-#19,photo_176.jpg,photo_177.jpg,photo_185.jpg,빈티지 오리지널,천연가죽,불명,-,-,-,-,photo_176.jpg ~ photo_186.jpg (11장),item_1061875162656,vintage古着皮衣 港式复古风宽松机车款皮夹克飞行员外套男款M1
99,M20,photo_187.jpg,photo_188.jpg,photo_192.jpg,WOO KAY (우까이 / HIGH FASHION),羊皮 (양가죽 / Sheep Leather),확인 불가 (라벨상 원산지 표기 없음),55,60,63,58,photo_187.jpg ~ photo_196.jpg (10장),item_1061875162656,vintage古着皮衣 港式复古风宽松机车款皮夹克飞行员外套男款M1
100,M41,photo_002.jpg,photo_003.jpg,photo_007.jpg,Winds,양가죽 (Sheep Leather),일본 (추정),55,"62 (×2, 단면 실측)",65,58,photo_002.jpg ~ photo_010.jpg (9장),item_1069955447343,vintage古着皮衣 美式复古短款宽松飞行员皮夹克真皮男款外套M41
101,M42,photo_011.jpg,photo_012.jpg,photo_016.jpg,Black Fox SPORTS,양가죽 (羊皮 / Sheep Leather),미상 (라벨에 원산지 미표기),55,62,65,57,photo_011.jpg ~ photo_019.jpg (9장),item_1069955447343,vintage古着皮衣 美式复古短款宽松飞行员皮夹克真皮男款外套M41
102,M43,photo_020.jpg,photo_021.jpg,photo_027.jpg,판독불가 (라벨 화질 저하로 브랜드명 식별 불가),"양가죽 (羊皮, Sheep Leather)",판독불가 (원산지 표기 확인 불가),37,66,70,59,photo_020.jpg ~ photo_028.jpg (9장),item_1069955447343,vintage古着皮衣 美式复古短款宽松飞行员皮夹克真皮男款外套M41
103,M44,photo_029.jpg,photo_030.jpg,photo_035.jpg,pierre cardin,"가죽 (실측카드 '皮' 표기, 세부 가죽 종류 미표기)",미표기 (사진상 판독 불가),58,60,62,59,photo_029.jpg ~ photo_038.jpg (10장),item_1069955447343,vintage古着皮衣 美式复古短款宽松飞行员皮夹克真皮男款外套M41
104,M45,photo_039.jpg,photo_040.jpg,photo_042.jpg,빈티지 오리지널 (무명),양가죽 (羊皮 / Sheep Leather),불명,50,62,62,59,photo_039.jpg ~ photo_047.jpg (9장),item_1069955447343,vintage古着皮衣 美式复古短款宽松飞行员皮夹克真皮男款外套M41
105,M46,photo_048.jpg,photo_049.jpg,photo_055.jpg,빈티지 오리지널 (무명),양가죽 (羊皮),확인 불가 (라벨 판독 불가),54,62,65,51,photo_048.jpg ~ photo_056.jpg (9장),item_1069955447343,vintage古着皮衣 美式复古短款宽松飞行员皮夹克真皮男款外套M41
106,M47,photo_057.jpg,photo_058.jpg,photo_063.jpg,빈티지 오리지널 (무명),양가죽 (羊皮),미상 (라벨 내 제조국 표기 판독 불가),52,57,61,55,photo_057.jpg ~ photo_064.jpg (8장),item_1069955447343,vintage古着皮衣 美式复古短款宽松飞行员皮夹克真皮男款外套M41
107,M41-#8,photo_065.jpg,photo_066.jpg,photo_074.jpg,빈티지 오리지널,천연가죽,불명,-,-,-,-,photo_065.jpg ~ photo_075.jpg (11장),item_1069955447343,vintage古着皮衣 美式复古短款宽松飞行员皮夹克真皮男款外套M41
108,M49,photo_076.jpg,photo_077.jpg,photo_081.jpg,LINEA,양가죽 (羊皮 / Sheep Leather),확인 불가 (라벨/실측카드에 원산지 표기 없음),52,58,63,58,photo_076.jpg ~ photo_084.jpg (9장),item_1069955447343,vintage古着皮衣 美式复古短款宽松飞行员皮夹克真皮男款外套M41
109,M50,photo_085.jpg,photo_086.jpg,photo_088.jpg,빈티지 오리지널,양가죽,불명,-,58,62,73,photo_085.jpg ~ photo_094.jpg (10장),item_1069955447343,vintage古着皮衣 美式复古短款宽松飞行员皮夹克真皮男款外套M41
110,M41-#11,photo_095.jpg,photo_096.jpg,photo_104.jpg,빈티지 오리지널,천연가죽,불명,-,-,-,-,photo_095.jpg ~ photo_105.jpg (11장),item_1069955447343,vintage古着皮衣 美式复古短款宽松飞行员皮夹克真皮男款外套M41
111,M52,photo_106.jpg,photo_107.jpg,photo_111.jpg,STEPHANO,양가죽,불명,52,56,61,55,photo_106.jpg ~ photo_114.jpg (9장),item_1069955447343,vintage古着皮衣 美式复古短款宽松飞行员皮夹克真皮男款外套M41
112,M52,photo_115.jpg,photo_116.jpg,photo_120.jpg,STEPHANO,양가죽,불명,52,56,61,55,photo_115.jpg ~ photo_123.jpg (9장),item_1069955447343,vintage古着皮衣 美式复古短款宽松飞行员皮夹克真皮男款外套M41
113,M53,photo_124.jpg,photo_125.jpg,photo_129.jpg,빈티지 오리지널,양가죽,불명,54,60,65,58,photo_124.jpg ~ photo_133.jpg (10장),item_1069955447343,vintage古着皮衣 美式复古短款宽松飞行员皮夹克真皮男款外套M41
114,M54,photo_134.jpg,photo_135.jpg,photo_141.jpg,New Man,양가죽,불명,53,61,64,60,photo_134.jpg ~ photo_142.jpg (9장),item_1069955447343,vintage古着皮衣 美式复古短款宽松飞行员皮夹克真皮男款外套M41
115,M41-#16,photo_143.jpg,photo_144.jpg,photo_149.jpg,빈티지 오리지널,천연가죽,불명,-,-,-,-,photo_143.jpg ~ photo_151.jpg (9장),item_1069955447343,vintage古着皮衣 美式复古短款宽松飞行员皮夹克真皮男款外套M41
116,M56,photo_152.jpg,photo_153.jpg,photo_159.jpg,金羊,양가죽 (羊皮),불명,46,56,64,56,photo_152.jpg ~ photo_160.jpg (9장),item_1069955447343,vintage古着皮衣 美式复古短款宽松飞行员皮夹克真皮男款外套M41
117,M57,photo_161.jpg,photo_162.jpg,photo_169.jpg,빈티지 오리지널 (무명),가죽 (피),불명,连肩,68,67,78,photo_161.jpg ~ photo_170.jpg (10장),item_1069955447343,vintage古着皮衣 美式复古短款宽松飞行员皮夹克真皮男款外套M41
118,M58,photo_171.jpg,photo_172.jpg,photo_179.jpg,빈티지 오리지널 (무명),양가죽,불명,59,58,61,55,photo_171.jpg ~ photo_180.jpg (10장),item_1069955447343,vintage古着皮衣 美式复古短款宽松飞行员皮夹克真皮男款外套M41
119,M59,photo_181.jpg,photo_182.jpg,photo_189.jpg,BAND IN R.O.C,羊皮,台湾,连肩,60,64,77,photo_181.jpg ~ photo_190.jpg (10장),item_1069955447343,vintage古着皮衣 美式复古短款宽松飞行员皮夹克真皮男款外套M41
120,M60,photo_191.jpg,photo_192.jpg,photo_197.jpg,SAN HU INT'L,羊皮 (양가죽/램스킨),미상 (라벨에 표기 없음),"连肩 (래글런 소매, 측정 불가)",59,64,75,photo_191.jpg ~ photo_203.jpg (13장),item_1069955447343,vintage古着皮衣 美式复古短款宽松飞行员皮夹克真皮男款外套M41
121,P1,photo_002.jpg,photo_003.jpg,photo_006.jpg,INTERMEZZO,"양가죽 (羊皮, Sheep Leather)",일본 (Japan),45,54,72,60,photo_002.jpg ~ photo_009.jpg (8장),item_1071816497728,vintage古着皮衣 商务休闲百搭款头层羊皮男士西服简约款外套P1
122,P2,photo_010.jpg,photo_011.jpg,photo_015.jpg,빈티지 오리지널 (무명),양가죽 (羊皮),불명,46,52,73,62,photo_010.jpg ~ photo_016.jpg (7장),item_1071816497728,vintage古着皮衣 商务休闲百搭款头层羊皮男士西服简约款外套P1
123,P3,photo_017.jpg,photo_018.jpg,photo_022.jpg,빈티지 오리지널 (무명),양가죽 (羊皮),불명,47,52,64,59,photo_017.jpg ~ photo_023.jpg (7장),item_1071816497728,vintage古着皮衣 商务休闲百搭款头层羊皮男士西服简约款外套P1
124,P4,photo_024.jpg,photo_025.jpg,photo_030.jpg,빈티지 오리지널 (무명),양가죽,불명,50,60,72,57,photo_024.jpg ~ photo_031.jpg (8장),item_1071816497728,vintage古着皮衣 商务休闲百搭款头层羊皮男士西服简约款外套P1
125,P5,photo_032.jpg,photo_033.jpg,photo_037.jpg,빈티지 오리지널 (무명),양가죽 (羊皮),불명,47,53,75,62,photo_032.jpg ~ photo_038.jpg (7장),item_1071816497728,vintage古着皮衣 商务休闲百搭款头层羊皮男士西服简约款外套P1
126,P6,photo_039.jpg,photo_040.jpg,photo_052.jpg,S.K. LEATHER,양가죽,불명,47,56,73,63,photo_039.jpg ~ photo_053.jpg (15장),item_1071816497728,vintage古着皮衣 商务休闲百搭款头层羊皮男士西服简约款外套P1
127,"실측지 상단 编号 (예: P211, AC91, E1 등. 없으면 미상)",photo_054.jpg,photo_055.jpg,photo_058.jpg,라벨에 적힌 정확한 브랜드명 영문/한글 (미상일 경우 빈티지 오리지널),"가죽 종류 (양가죽, 소가죽, 사슴가죽, 돈모 등)","원산지 (미국, 이탈리아, 일본, 한국, 중국 등, 불명 시 불명)",어깨 실측 숫자 (단위 제외),가슴 실측 숫자 (단위 제외),총기장 실측 숫자 (단위 제외),소매길이 실측 숫자 (단위 제외),photo_054.jpg ~ photo_060.jpg (7장),item_1071816497728,vintage古着皮衣 商务休闲百搭款头层羊皮男士西服简约款外套P1
128,PP,photo_061.jpg,photo_062.jpg,photo_065.jpg,"UNIONBAY (EST.1990, QUALITY GOODS COMFORTABLE JUMPER BY UNIONBAY)",羊皮 (양가죽 / Sheep Leather),"미상 (라벨에 원산지 표기 없음, UNIONBAY는 미국 브랜드)",46,50,70,58,photo_061.jpg ~ photo_067.jpg (7장),item_1071816497728,vintage古着皮衣 商务休闲百搭款头层羊皮男士西服简约款外套P1
129,P10,photo_068.jpg,photo_069.jpg,photo_074.jpg,M.T.R,양가죽 (羊皮 / Sheep Leather),미확인 (라벨상 제조국 표기 판독 불가),47,51,75,63,photo_068.jpg ~ photo_075.jpg (8장),item_1071816497728,vintage古着皮衣 商务休闲百搭款头层羊皮男士西服简约款外套P1
130,P11,photo_076.jpg,photo_077.jpg,photo_080.jpg,DERG,양가죽,불명,46,51,74,64,photo_076.jpg ~ photo_083.jpg (8장),item_1071816497728,vintage古着皮衣 商务休闲百搭款头层羊皮男士西服简约款外套P1
131,P12,photo_084.jpg,photo_085.jpg,photo_088.jpg,RAIN SONG 210,양가죽 (羊皮),판독 불가,48,56,77,65,photo_084.jpg ~ photo_090.jpg (7장),item_1071816497728,vintage古着皮衣 商务休闲百搭款头层羊皮男士西服简约款外套P1
132,P13,photo_091.jpg,photo_092.jpg,photo_097.jpg,ICINOO,양가죽,불명,47,54,73,61,photo_091.jpg ~ photo_098.jpg (8장),item_1071816497728,vintage古着皮衣 商务休闲百搭款头层羊皮男士西服简约款外套P1
133,P14,photo_099.jpg,photo_100.jpg,photo_103.jpg,COGGIOLA,양가죽 (Sheep Leather),미상 (라벨에서 확인 불가),44,53,74,62,photo_099.jpg ~ photo_104.jpg (6장),item_1071816497728,vintage古着皮衣 商务休闲百搭款头层羊皮男士西服简约款外套P1
134,715,photo_105.jpg,photo_106.jpg,photo_111.jpg,빈티지 오리지널 (무명),양가죽,불명,45,52,71,59,photo_105.jpg ~ photo_112.jpg (8장),item_1071816497728,vintage古着皮衣 商务休闲百搭款头层羊皮男士西服简约款外套P1
135,P1-#15,photo_113.jpg,photo_114.jpg,photo_117.jpg,빈티지 오리지널,천연가죽,불명,-,-,-,-,photo_113.jpg ~ photo_118.jpg (6장),item_1071816497728,vintage古着皮衣 商务休闲百搭款头层羊皮男士西服简约款外套P1
136,P17,photo_119.jpg,photo_120.jpg,photo_122.jpg,DANBY,양가죽,불명,48,56,74,58,photo_119.jpg ~ photo_127.jpg (9장),item_1071816497728,vintage古着皮衣 商务休闲百搭款头层羊皮男士西服简约款外套P1
137,P18,photo_128.jpg,photo_129.jpg,photo_131.jpg,CHORIST,양가죽,불명,49,55,75,61,photo_128.jpg ~ photo_135.jpg (8장),item_1071816497728,vintage古着皮衣 商务休闲百搭款头层羊皮男士西服简约款外套P1
138,P19,photo_136.jpg,photo_137.jpg,photo_140.jpg,INDIAN (RETURN TO NATURE),양가죽 (羊皮),미상 (라벨 표기 없음),47,56,74,59,photo_136.jpg ~ photo_143.jpg (8장),item_1071816497728,vintage古着皮衣 商务休闲百搭款头层羊皮男士西服简约款外套P1
139,P20,photo_144.jpg,photo_145.jpg,photo_148.jpg,빈티지 오리지널,양가죽,불명,47,59,80,60,photo_144.jpg ~ photo_151.jpg (8장),item_1071816497728,vintage古着皮衣 商务休闲百搭款头层羊皮男士西服简约款外套P1
140,P21,photo_152.jpg,photo_153.jpg,photo_156.jpg,KENJI ITO COMME CA COLLECTION,양가죽 (羊皮 / Sheep Leather),일본 (Japan),46,53,73,65,photo_152.jpg ~ photo_158.jpg (7장),item_1071816497728,vintage古着皮衣 商务休闲百搭款头层羊皮男士西服简约款外套P1
141,P22,photo_159.jpg,photo_160.jpg,photo_164.jpg,빈티지 오리지널 (무명),"양가죽 (羊皮, Sheep Leather)",미표기 (확인 불가),47,57,75,64,photo_159.jpg ~ photo_165.jpg (7장),item_1071816497728,vintage古着皮衣 商务休闲百搭款头层羊皮男士西服简约款外套P1
142,P23,photo_166.jpg,photo_167.jpg,photo_171.jpg,빈티지 오리지널 (무명),양가죽 (羊皮),알 수 없음,49,58,74,60,photo_166.jpg ~ photo_172.jpg (7장),item_1071816497728,vintage古着皮衣 商务休闲百搭款头层羊皮男士西服简约款外套P1
143,P24,photo_173.jpg,photo_174.jpg,photo_176.jpg,MITSUDOMI,양가죽,불명,45,53,71,59,photo_173.jpg ~ photo_179.jpg (7장),item_1071816497728,vintage古着皮衣 商务休闲百搭款头层羊皮男士西服简约款外套P1
144,P25,photo_180.jpg,photo_181.jpg,photo_184.jpg,F&D FERRARO,양가죽 (羊皮),이탈리아 (Italy),47,53,74,61,photo_180.jpg ~ photo_186.jpg (7장),item_1071816497728,vintage古着皮衣 商务休闲百搭款头层羊皮男士西服简约款外套P1
145,P26,photo_187.jpg,photo_188.jpg,photo_191.jpg,빈티지 오리지널,양가죽,불명,42,49,70,55,photo_187.jpg ~ photo_192.jpg (6장),item_1071816497728,vintage古着皮衣 商务休闲百搭款头层羊皮男士西服简约款外套P1
146,P27,photo_193.jpg,photo_194.jpg,photo_198.jpg,BASIC HOUSE,羊皮 (양가죽/Sheep Leather),MADE IN CHINA (중국),46,54,71,62,photo_193.jpg ~ photo_199.jpg (7장),item_1071816497728,vintage古着皮衣 商务休闲百搭款头层羊皮男士西服简约款外套P1
147,P28,photo_200.jpg,photo_201.jpg,photo_204.jpg,빈티지 오리지널 (무명),양가죽 (羊皮),확인 불가 (라벨 미판독),46,51,73,60,photo_200.jpg ~ photo_205.jpg (6장),item_1071816497728,vintage古着皮衣 商务休闲百搭款头层羊皮男士西服简约款外套P1
148,P2P,photo_206.jpg,photo_207.jpg,photo_210.jpg,THE People,羊皮 (양가죽/램스킨),확인 불가 (라벨 내 원산지 표기 없음),45,52,73,61,photo_206.jpg ~ photo_213.jpg (8장),item_1071816497728,vintage古着皮衣 商务休闲百搭款头层羊皮男士西服简约款外套P1
149,P30,photo_214.jpg,photo_215.jpg,photo_220.jpg,ESSA,양가죽,불명,46,54,77,64,photo_214.jpg ~ photo_221.jpg (8장),item_1071816497728,vintage古着皮衣 商务休闲百搭款头层羊皮男士西服简约款外套P1
150,...,photo_002.jpg,photo_003.jpg,photo_006.jpg,...,...,...,...,...,...,...,photo_002.jpg ~ photo_009.jpg (8장),item_1075139885104,vintage古着皮衣 长袖秋冬季个性防风百搭外套翻领保暖休闲男Q61
151,Q62,photo_010.jpg,photo_011.jpg,photo_014.jpg,VIA NUOVA PELLE,양가죽 (羊皮 / Sheep Leather),미상 (라벨에 제조국 표기 없음),55,60,77,54,photo_010.jpg ~ photo_017.jpg (8장),item_1075139885104,vintage古着皮衣 长袖秋冬季个性防风百搭外套翻领保暖休闲男Q61
152,Q63,photo_018.jpg,photo_019.jpg,photo_021.jpg,D'HOMME A HOMME,양가죽 (羊皮),미상 (일본 도메스틱 브랜드 추정),56,60,80,59,photo_018.jpg ~ photo_024.jpg (7장),item_1075139885104,vintage古着皮衣 长袖秋冬季个性防风百搭外套翻领保暖休闲男Q61
153,Q64,photo_025.jpg,photo_026.jpg,photo_029.jpg,빈티지 오리지널 (무명) - 라벨에 브랜드명 없음(NO. 82301만 표기),"양가죽 (羊皮 / 表:羊皮, 안감 나일론·폴리에스테르 혼방)",판독 불가 (원산지 표기 없음),连肩 (래글런 소매 - 어깨 솔기 없음/측정 불가),61,73,76,photo_025.jpg ~ photo_031.jpg (7장),item_1075139885104,vintage古着皮衣 长袖秋冬季个性防风百搭外套翻领保暖休闲男Q61
154,Q67,photo_032.jpg,photo_033.jpg,photo_038.jpg,Euphoria,양가죽,불명,55,59,82,65,photo_032.jpg ~ photo_039.jpg (8장),item_1075139885104,vintage古着皮衣 长袖秋冬季个性防风百搭外套翻领保暖休闲男Q61
155,Q68,photo_040.jpg,photo_041.jpg,photo_044.jpg,D'HOMME A HOMME,羊皮,韩国 (MADE IN KOREA),54,59,81,57,photo_040.jpg ~ photo_047.jpg (8장),item_1075139885104,vintage古着皮衣 长袖秋冬季个性防风百搭外套翻领保暖休闲男Q61
156,Q69,photo_048.jpg,photo_049.jpg,photo_053.jpg,빈티지 오리지널 (무명) - 목 라벨 판독 불가(식별 가능한 브랜드 텍스트·로고 없음),"羊皮 (양가죽 / Sheep Leather, 램스킨)",판독 불가 (실측카드·라벨에 제조국 표기 없음),连肩 (라글란 연속어깨 - 별도 어깨 실측 수치 없음),"56 (胸围x2 기준 / 단면 56cm, 둘레 약 112cm)",71,73,photo_048.jpg ~ photo_054.jpg (7장),item_1075139885104,vintage古着皮衣 长袖秋冬季个性防风百搭外套翻领保暖休闲男Q61
157,Q70,photo_055.jpg,photo_056.jpg,photo_059.jpg,PREMIUM (Original Production / AUTHENTIC COMFORT & QUALITY),양가죽 (Sheep Leather),미상 (라벨에 원산지 표기 없음),53,59,81,56,photo_055.jpg ~ photo_062.jpg (8장),item_1075139885104,vintage古着皮衣 长袖秋冬季个性防风百搭外套翻领保暖休闲男Q61
158,Q711,photo_063.jpg,photo_064.jpg,photo_067.jpg,빈티지 오리지널,양가죽,불명,-,66,81,73,photo_063.jpg ~ photo_069.jpg (7장),item_1075139885104,vintage古着皮衣 长袖秋冬季个性防风百搭外套翻领保暖休闲男Q61
159,Q72,photo_070.jpg,photo_071.jpg,photo_074.jpg,빈티지 오리지널 (무명),양가죽 (羊皮革),미표기 (일본어 품질표시 라벨),44,55,81,70,photo_070.jpg ~ photo_076.jpg (7장),item_1075139885104,vintage古着皮衣 长袖秋冬季个性防风百搭外套翻领保暖休闲男Q61
160,Q73,photo_077.jpg,photo_078.jpg,photo_080.jpg,빈티지 오리지널 (무명),양가죽 (羊皮),판독 불가 (라벨/원산지 표기 확인 불가),"连肩 (라글란 소매, 어깨 실측치 없음)",63,79,76,photo_077.jpg ~ photo_084.jpg (8장),item_1075139885104,vintage古着皮衣 长袖秋冬季个性防风百搭外套翻领保暖休闲男Q61
161,Q74,photo_085.jpg,photo_086.jpg,photo_089.jpg,빈티지 오리지널 (무명),양가죽 (羊革),중국 (MADE IN CHINA),55,61,80,58,photo_085.jpg ~ photo_091.jpg (7장),item_1075139885104,vintage古着皮衣 长袖秋冬季个性防风百搭外套翻领保暖休闲男Q61
162,Q75,photo_092.jpg,photo_093.jpg,photo_096.jpg,SubUrban,양가죽 (Sheep leather),판독 불가,52,55,78,52,photo_092.jpg ~ photo_099.jpg (8장),item_1075139885104,vintage古着皮衣 长袖秋冬季个性防风百搭外套翻领保暖休闲男Q61
163,Q76,photo_100.jpg,photo_101.jpg,photo_105.jpg,빈티지 오리지널 (무명),麂皮 (스웨이드),알 수 없음,53,59,82,56,photo_100.jpg ~ photo_106.jpg (7장),item_1075139885104,vintage古着皮衣 长袖秋冬季个性防风百搭外套翻领保暖休闲男Q61
164,Q77,photo_107.jpg,photo_108.jpg,photo_111.jpg,빈티지 오리지널 (무명),가죽 (소프트 레더 / 軟皮),"일본 (추정, 일본어 케어·사이즈 라벨)",판독불가,60,76,77,photo_107.jpg ~ photo_113.jpg (7장),item_1075139885104,vintage古着皮衣 长袖秋冬季个性防风百搭外套翻领保暖休闲男Q61
165,Q78,photo_114.jpg,photo_115.jpg,photo_119.jpg,빈티지 오리지널,양가죽,불명,59,54,74,72,photo_114.jpg ~ photo_120.jpg (7장),item_1075139885104,vintage古着皮衣 长袖秋冬季个性防风百搭外套翻领保暖休闲男Q61
166,Q79,photo_121.jpg,photo_122.jpg,photo_125.jpg,VIV,양가죽,판독 불가,53,60,81,59,photo_121.jpg ~ photo_127.jpg (7장),item_1075139885104,vintage古着皮衣 长袖秋冬季个性防风百搭外套翻领保暖休闲男Q61
167,Q80,photo_128.jpg,photo_129.jpg,photo_133.jpg,빈티지 오리지널 (무명),양가죽 (羊皮),판독 불가,"连肩 (라글란, 실측 없음)",58,82,76,photo_128.jpg ~ photo_134.jpg (7장),item_1075139885104,vintage古着皮衣 长袖秋冬季个性防风百搭外套翻领保暖休闲男Q61
168,Q81,photo_135.jpg,photo_136.jpg,photo_140.jpg,빈티지 오리지널,양가죽,불명,59,63,82,66,photo_135.jpg ~ photo_141.jpg (7장),item_1075139885104,vintage古着皮衣 长袖秋冬季个性防风百搭外套翻领保暖休闲男Q61
169,Q82,photo_142.jpg,photo_143.jpg,photo_147.jpg,빈티지 오리지널,양가죽,불명,54,59,83,60,photo_142.jpg ~ photo_148.jpg (7장),item_1075139885104,vintage古着皮衣 长袖秋冬季个性防风百搭外套翻领保暖休闲男Q61
170,Q83,photo_149.jpg,photo_150.jpg,photo_153.jpg,빈티지 오리지널,양가죽,불명,52,58,79,58,photo_149.jpg ~ photo_155.jpg (7장),item_1075139885104,vintage古着皮衣 长袖秋冬季个性防风百搭外套翻领保暖休闲男Q61
171,Q84,photo_156.jpg,photo_157.jpg,photo_162.jpg,빈티지 오리지널 (무명),羊皮 (양가죽/램스킨),미상 (라벨에서 제조국 판독 불가),连肩 (레이글란/연결어깨 - 실측 수치 없음),59,78,75,photo_156.jpg ~ photo_163.jpg (8장),item_1075139885104,vintage古着皮衣 长袖秋冬季个性防风百搭外套翻领保暖休闲男Q61
172,Q85,photo_164.jpg,photo_165.jpg,photo_168.jpg,SATISFACTION GREAT FIELD,양가죽 (羊皮 / Sheep Leather),판독 불가 (사진상 원산지 표기 없음),52,57 (x2 = 114),79,59,photo_164.jpg ~ photo_171.jpg (8장),item_1075139885104,vintage古着皮衣 长袖秋冬季个性防风百搭外套翻领保暖休闲男Q61
173,Q86,photo_172.jpg,photo_173.jpg,photo_176.jpg,빈티지 오리지널,가죽 (종류 미상),불명,连肩,57,80,77,photo_172.jpg ~ photo_179.jpg (8장),item_1075139885104,vintage古着皮衣 长袖秋冬季个性防风百搭外套翻领保暖休闲男Q61
174,Q87,photo_180.jpg,photo_181.jpg,photo_184.jpg,Christian Mode,"양가죽 (羊皮, Sheep Leather)",확인 불가 (라벨에 원산지 미표기),47,56,74,59,photo_180.jpg ~ photo_187.jpg (8장),item_1075139885104,vintage古着皮衣 长袖秋冬季个性防风百搭外套翻领保暖休闲男Q61
175,Q88,photo_188.jpg,photo_189.jpg,photo_192.jpg,M.T. LEGEND (FJK ORIGINAL),羊皮 (Sheep Leather / 양가죽),확인불가 (라벨 미표기),54,59,84,57,photo_188.jpg ~ photo_195.jpg (8장),item_1075139885104,vintage古着皮衣 长袖秋冬季个性防风百搭外套翻领保暖休闲男Q61
176,R89,photo_196.jpg,photo_197.jpg,photo_200.jpg,Bell Maxim (FOR MEN / EXTRA FINE QUALITY),"가죽 (실측카드 '皮' 표기, 세부 가죽 종류 미표기)",미표기 (라벨/카드상 제조국 정보 없음),54,60,82,57,photo_196.jpg ~ photo_203.jpg (8장),item_1075139885104,vintage古着皮衣 长袖秋冬季个性防风百搭外套翻领保暖休闲男Q61
177,O90,photo_204.jpg,photo_205.jpg,photo_207.jpg,빈티지 오리지널 (무명),양가죽 (羊皮),불명,55,65,82,78,photo_204.jpg ~ photo_212.jpg (9장),item_1075139885104,vintage古着皮衣 长袖秋冬季个性防风百搭外套翻领保暖休闲男Q61
178,V61,photo_002.jpg,photo_003.jpg,photo_006.jpg,GRIFFIN,양가죽,불명,48,56,66,64,photo_002.jpg ~ photo_010.jpg (9장),item_1075374113206,vintage古着皮衣 男士修身机车款头层绵羊皮真皮外套时尚夹克 U61
179,V65,photo_011.jpg,photo_012.jpg,photo_015.jpg,CASTING (GOLF & CASUAL),"양가죽 (羊皮, Sheep Leather)",라벨 미표기 (확인불가),48,57,68,60,photo_011.jpg ~ photo_017.jpg (7장),item_1075374113206,vintage古着皮衣 男士修身机车款头层绵羊皮真皮外套时尚夹克 U61
180,U66,photo_018.jpg,photo_019.jpg,photo_022.jpg,CASTING (GOLF & CASUAL 100),"양가죽 (羊皮, Sheep Leather)",미상 (라벨 내 원산지 표기 없음),49,59,69,62,photo_018.jpg ~ photo_025.jpg (8장),item_1075374113206,vintage古着皮衣 男士修身机车款头层绵羊皮真皮外套时尚夹克 U61
181,U62,photo_026.jpg,photo_027.jpg,photo_033.jpg,빈티지 오리지널,양가죽,불명,49,57,69,61,photo_026.jpg ~ photo_034.jpg (9장),item_1075374113206,vintage古着皮衣 男士修身机车款头层绵羊皮真皮外套时尚夹克 U61
182,U64,photo_035.jpg,photo_036.jpg,photo_039.jpg,SK LEATHER,양가죽,불명,47,58,63,61,photo_035.jpg ~ photo_043.jpg (9장),item_1075374113206,vintage古着皮衣 男士修身机车款头层绵羊皮真皮外套时尚夹克 U61
183,U67,photo_044.jpg,photo_045.jpg,photo_048.jpg,ROTT,羊皮,不明,48,52,68,60,photo_044.jpg ~ photo_051.jpg (8장),item_1075374113206,vintage古着皮衣 男士修身机车款头层绵羊皮真皮外套时尚夹克 U61
184,U68,photo_052.jpg,photo_053.jpg,photo_056.jpg,LEO LION,양가죽,불명,44,52,67,58,photo_052.jpg ~ photo_058.jpg (7장),item_1075374113206,vintage古着皮衣 男士修身机车款头层绵羊皮真皮外套时尚夹克 U61
185,U69,photo_059.jpg,photo_060.jpg,photo_064.jpg,WINDY CLUB,羊皮,日本,51,64,70,60,photo_059.jpg ~ photo_068.jpg (10장),item_1075374113206,vintage古着皮衣 男士修身机车款头层绵羊皮真皮外套时尚夹克 U61
186,U70,photo_069.jpg,photo_070.jpg,photo_073.jpg,damkjhl,羊皮,중국,48,57,64,63,photo_069.jpg ~ photo_076.jpg (8장),item_1075374113206,vintage古着皮衣 男士修身机车款头层绵羊皮真皮外套时尚夹克 U61
187,U71,photo_077.jpg,photo_078.jpg,photo_081.jpg,빈티지 오리지널 (무명),양가죽 (겉감: 양가죽 / 안감: 폴리에스테르 100%),"미상 (라벨에 원산지 미표기, 한국어 품질표시 라벨)",47,56,64,64,photo_077.jpg ~ photo_083.jpg (7장),item_1075374113206,vintage古着皮衣 男士修身机车款头层绵羊皮真皮外套时尚夹克 U61
188,U72,photo_084.jpg,photo_085.jpg,photo_088.jpg,ESOZIA,羊皮,불명,50,61,69,63,photo_084.jpg ~ photo_091.jpg (8장),item_1075374113206,vintage古着皮衣 男士修身机车款头层绵羊皮真皮外套时尚夹克 U61
189,V73,photo_092.jpg,photo_093.jpg,photo_096.jpg,빈티지 오리지널,양가죽,불명,48,59,67,62,photo_092.jpg ~ photo_099.jpg (8장),item_1075374113206,vintage古着皮衣 男士修身机车款头层绵羊皮真皮外套时尚夹克 U61
190,U74,photo_100.jpg,photo_101.jpg,photo_108.jpg,판독 불가 (라벨 텍스트 식별 불가),양가죽 (羊皮),판독 불가 (사진상 제조국 표기 확인 불가),41,54,61,60,photo_100.jpg ~ photo_109.jpg (10장),item_1075374113206,vintage古着皮衣 男士修身机车款头层绵羊皮真皮外套时尚夹克 U61
191,U75,photo_110.jpg,photo_111.jpg,photo_114.jpg,빈티지 오리지널 (무명),羊皮 (양가죽 / Sheep leather),한국 (MADE IN KOREA),46,57,58,65,photo_110.jpg ~ photo_116.jpg (7장),item_1075374113206,vintage古着皮衣 男士修身机车款头层绵羊皮真皮外套时尚夹克 U61
192,U61-#15,photo_117.jpg,photo_118.jpg,photo_123.jpg,빈티지 오리지널,천연가죽,불명,-,-,-,-,photo_117.jpg ~ photo_124.jpg (8장),item_1075374113206,vintage古着皮衣 男士修身机车款头层绵羊皮真皮外套时尚夹克 U61
193,U77,photo_125.jpg,photo_126.jpg,photo_129.jpg,CHASECULT,양가죽 (羊皮),확인 불가 (라벨 미표기),46,53,65,62,photo_125.jpg ~ photo_132.jpg (8장),item_1075374113206,vintage古着皮衣 男士修身机车款头层绵羊皮真皮外套时尚夹克 U61
194,U78,photo_133.jpg,photo_134.jpg,photo_137.jpg,RoBo Angel,양가죽 (羊皮 / Sheep Leather),확인불가 (라벨에 원산지 표기 없음),45,53,65,60,photo_133.jpg ~ photo_140.jpg (8장),item_1075374113206,vintage古着皮衣 男士修身机车款头层绵羊皮真皮外套时尚夹克 U61
195,U79,photo_141.jpg,photo_142.jpg,photo_145.jpg,Vacchio,양가죽,불명,48,55,67,61,photo_141.jpg ~ photo_148.jpg (8장),item_1075374113206,vintage古着皮衣 男士修身机车款头层绵羊皮真皮外套时尚夹克 U61
196,U80,photo_149.jpg,photo_150.jpg,photo_153.jpg,판독불가 (가죽 패치에 양각 엠블럼만 있고 로고 텍스트 식별 불가 / 사이즈탭 48A L),"양가죽 (羊皮, Sheep Leather)",판독불가 (원산지 표기 확인 불가),47,53,66,56,photo_149.jpg ~ photo_155.jpg (7장),item_1075374113206,vintage古着皮衣 男士修身机车款头层绵羊皮真皮外套时尚夹克 U61
197,U81,photo_156.jpg,photo_157.jpg,photo_160.jpg,Sammi (COLLECTION / LEATHER & FUR),양가죽(羊皮),판독불가(라벨 미표기),47,57,66,63,photo_156.jpg ~ photo_163.jpg (8장),item_1075374113206,vintage古着皮衣 男士修身机车款头层绵羊皮真皮外套时尚夹克 U61
198,U82,photo_164.jpg,photo_165.jpg,photo_167.jpg,빈티지 오리지널 (무명),"양가죽 (羊皮, Sheep Leather)",판독 불가 (라벨 내 원산지 표기 없음),47,56,64,63,photo_164.jpg ~ photo_169.jpg (6장),item_1075374113206,vintage古着皮衣 男士修身机车款头层绵羊皮真皮外套时尚夹克 U61
199,U83,photo_170.jpg,photo_171.jpg,photo_174.jpg,MALE & CO.,돼지가죽 (猪皮),미상 (라벨/실측카드에 원산지 표기 없음),47,54,66,65,photo_170.jpg ~ photo_175.jpg (6장),item_1075374113206,vintage古着皮衣 男士修身机车款头层绵羊皮真皮外套时尚夹克 U61
200,None,photo_176.jpg,photo_177.jpg,photo_177.jpg,None,None,None,None,None,None,None,photo_176.jpg ~ photo_177.jpg (2장),item_1075374113206,vintage古着皮衣 男士修身机车款头层绵羊皮真皮外套时尚夹克 U61
201,Y80,photo_002.jpg,photo_003.jpg,photo_006.jpg,빈티지 오리지널,소가죽,불명,52,59,65,65,photo_002.jpg ~ photo_014.jpg (13장),item_1076140587381,vintage古着皮衣 美式A2复古短款宽松飞行员皮夹克外套男女 V80
202,V87,photo_002.jpg,photo_003.jpg,photo_006.jpg,빈티지 오리지널 (무명),麂皮,알 수 없음,52,57,62,54,photo_002.jpg ~ photo_012.jpg (11장),item_1076689119808,vintage古着皮衣 美式A2复古短款宽松飞行员皮夹克外套男女 V87
203,E1,photo_002.jpg,photo_003.jpg,photo_007.jpg,Procyon,양가죽,불명,48,60,66,62,photo_002.jpg ~ photo_010.jpg (9장),item_1077196468019,vintage古着皮衣 男士修身机车款头层绵羊皮真皮外套时尚夹克 E1
204,E2,photo_011.jpg,photo_012.jpg,photo_020.jpg,빈티지 오리지널 (무명),양가죽 (羊皮),불명,45,59,66,71,photo_011.jpg ~ photo_021.jpg (11장),item_1077196468019,vintage古着皮衣 男士修身机车款头层绵羊皮真皮外套时尚夹克 E1
205,E3,photo_022.jpg,photo_023.jpg,photo_027.jpg,CHRIS.CHRISTY,양가죽 (羊皮 / Sheepskin),확인불가 (라벨상 원산지 표기 없음),45,49,67,64,photo_022.jpg ~ photo_030.jpg (9장),item_1077196468019,vintage古着皮衣 男士修身机车款头层绵羊皮真皮外套时尚夹克 E1
206,E4,photo_031.jpg,photo_032.jpg,photo_040.jpg,빈티지 오리지널 (무명),양가죽 (羊皮),불명,46,49,64,64,photo_031.jpg ~ photo_041.jpg (11장),item_1077196468019,vintage古着皮衣 男士修身机车款头层绵羊皮真皮外套时尚夹克 E1
207,E5,photo_042.jpg,photo_043.jpg,photo_050.jpg,the studio K,양가죽,한국,45,51,65,63,photo_042.jpg ~ photo_051.jpg (10장),item_1077196468019,vintage古着皮衣 男士修身机车款头层绵羊皮真皮外套时尚夹克 E1
208,E6,photo_052.jpg,photo_053.jpg,photo_058.jpg,빈티지 오리지널 (무명),양가죽 (羊皮),확인 불가 (제조국 라벨 판독 불가),46,49,60,62,photo_052.jpg ~ photo_059.jpg (8장),item_1077196468019,vintage古着皮衣 男士修身机车款头层绵羊皮真皮外套时尚夹克 E1
209,E7,photo_060.jpg,photo_061.jpg,photo_069.jpg,HUM,양가죽,불명,47,56,64,66,photo_060.jpg ~ photo_070.jpg (11장),item_1077196468019,vintage古着皮衣 男士修身机车款头层绵羊皮真皮外套时尚夹克 E1
210,E8,photo_071.jpg,photo_072.jpg,photo_079.jpg,빈티지 오리지널 (무명),"양가죽 (羊皮, Sheepskin)",확인 불가 (원산지 라벨 미판독),44,51,70,60,photo_071.jpg ~ photo_080.jpg (10장),item_1077196468019,vintage古着皮衣 男士修身机车款头层绵羊皮真皮外套时尚夹克 E1
211,E9,photo_081.jpg,photo_082.jpg,photo_088.jpg,빈티지 오리지널,양가죽,불명,44,53,64,63,photo_081.jpg ~ photo_089.jpg (9장),item_1077196468019,vintage古着皮衣 男士修身机车款头层绵羊皮真皮外套时尚夹克 E1
212,E10,photo_090.jpg,photo_091.jpg,photo_099.jpg,THE CLASS,양가죽,불명,46,57,65,67,photo_090.jpg ~ photo_100.jpg (11장),item_1077196468019,vintage古着皮衣 男士修身机车款头层绵羊皮真皮外套时尚夹克 E1
213,E11,photo_101.jpg,photo_102.jpg,photo_104.jpg,빈티지 오리지널 (무명),양가죽 (羊皮),불명,45,52,67,61,photo_101.jpg ~ photo_107.jpg (7장),item_1077196468019,vintage古着皮衣 男士修身机车款头层绵羊皮真皮外套时尚夹克 E1
214,E12,photo_108.jpg,photo_109.jpg,photo_113.jpg,Karakoram,양가죽,불명,45,51,67,66,photo_108.jpg ~ photo_116.jpg (9장),item_1077196468019,vintage古着皮衣 男士修身机车款头层绵羊皮真皮外套时尚夹克 E1
215,E13,photo_117.jpg,photo_118.jpg,photo_122.jpg,ZIOZIA,羊皮 (양가죽 / Sheep Leather),대한민국 (ZIOZIA / 지오지아 - 한국 브랜드),47,56,63,67,photo_117.jpg ~ photo_125.jpg (9장),item_1077196468019,vintage古着皮衣 男士修身机车款头层绵羊皮真皮外套时尚夹克 E1
216,E14,photo_126.jpg,photo_127.jpg,photo_131.jpg,NORTH BEACH,羊皮 (Sheep leather / Lambskin),확인불가 (라벨에 원산지 표기 없음),48,98 (실측 49 × 2),62,60,photo_126.jpg ~ photo_134.jpg (9장),item_1077196468019,vintage古着皮衣 男士修身机车款头层绵羊皮真皮外套时尚夹克 E1
217,E15,photo_135.jpg,photo_136.jpg,photo_138.jpg,빈티지 오리지널,양가죽,불명,46,53,65,66,photo_135.jpg ~ photo_145.jpg (11장),item_1077196468019,vintage古着皮衣 男士修身机车款头层绵羊皮真皮外套时尚夹克 E1
218,E16,photo_146.jpg,photo_147.jpg,photo_156.jpg,ZAMBERLAN,양가죽,이탈리아,45,50,64,61,photo_146.jpg ~ photo_157.jpg (12장),item_1077196468019,vintage古着皮衣 男士修身机车款头层绵羊皮真皮外套时尚夹克 E1
219,E17,photo_158.jpg,photo_159.jpg,photo_164.jpg,빈티지 오리지널 (무명),양가죽 (羊皮 / Sheep Leather),미상 (일본어 케어라벨 기재로 일본 유통/제조 추정),46,53,65,63,photo_158.jpg ~ photo_166.jpg (9장),item_1077196468019,vintage古着皮衣 男士修身机车款头层绵羊皮真皮外套时尚夹克 E1
220,E18,photo_167.jpg,photo_168.jpg,photo_173.jpg,AD HOC,양가죽,불명,43,50,62,61,photo_167.jpg ~ photo_177.jpg (11장),item_1077196468019,vintage古着皮衣 男士修身机车款头层绵羊皮真皮外套时尚夹克 E1
221,E19,photo_178.jpg,photo_179.jpg,photo_186.jpg,"판독 불가 (라벨 흐림, 식별 불가)",염소가죽 (山羊皮 / Goat Leather),판독 불가,49,54,65,61,photo_178.jpg ~ photo_187.jpg (10장),item_1077196468019,vintage古着皮衣 男士修身机车款头层绵羊皮真皮外套时尚夹克 E1
222,E20,photo_188.jpg,photo_189.jpg,photo_193.jpg,SLAP SHOT,양가죽,불명,44,50,60,65,photo_188.jpg ~ photo_196.jpg (9장),item_1077196468019,vintage古着皮衣 男士修身机车款头层绵羊皮真皮外套时尚夹克 E1
223,E21,photo_197.jpg,photo_198.jpg,photo_202.jpg,Kai-aakmann,羊皮 (Sheep Leather / 양가죽),대한민국(KR) 추정 - 라벨에 KR/US/EU 사이즈 표기,44,52,67,62,photo_197.jpg ~ photo_205.jpg (9장),item_1077196468019,vintage古着皮衣 男士修身机车款头层绵羊皮真皮外套时尚夹克 E1
224,E22,photo_206.jpg,photo_207.jpg,photo_211.jpg,빈티지 오리지널 (무명),양가죽 (워싱 레더),확인불가 (한국어 케어라벨 표기),47,55,69,60,photo_206.jpg ~ photo_213.jpg (8장),item_1077196468019,vintage古着皮衣 男士修身机车款头层绵羊皮真皮外套时尚夹克 E1
225,E23,photo_214.jpg,photo_215.jpg,photo_221.jpg,B.ELINE,양가죽,불명,47,52,62,63,photo_214.jpg ~ photo_222.jpg (9장),item_1077196468019,vintage古着皮衣 男士修身机车款头层绵羊皮真皮外套时尚夹克 E1
226,E24,photo_223.jpg,photo_224.jpg,photo_229.jpg,1st avenue,羊皮 (양가죽/쉽레더),미상 (라벨에 원산지 표기 없음),47,52,72,62,photo_223.jpg ~ photo_231.jpg (9장),item_1077196468019,vintage古着皮衣 男士修身机车款头层绵羊皮真皮外套时尚夹克 E1
227,E25,photo_232.jpg,photo_233.jpg,photo_237.jpg,빈티지 오리지널 (무명),양가죽 (羊皮 100%),한국 (韓国製),48,52,61,66,photo_232.jpg ~ photo_239.jpg (8장),item_1077196468019,vintage古着皮衣 男士修身机车款头层绵羊皮真皮外套时尚夹克 E1
228,E26,photo_240.jpg,photo_241.jpg,photo_247.jpg,빈티지 오리지널,양가죽,불명,45,52,61,66,photo_240.jpg ~ photo_248.jpg (9장),item_1077196468019,vintage古着皮衣 男士修身机车款头层绵羊皮真皮外套时尚夹克 E1
229,E27,photo_249.jpg,photo_250.jpg,photo_255.jpg,CARTE BLANCHE art&culture,羊皮 (양가죽),불명,45,52,63,56,photo_249.jpg ~ photo_257.jpg (9장),item_1077196468019,vintage古着皮衣 男士修身机车款头层绵羊皮真皮外套时尚夹克 E1
230,E28,photo_258.jpg,photo_259.jpg,photo_263.jpg,YOO KEON,"양가죽 (羊皮, Sheep Leather)",미상 (라벨/실측카드에 제조국 표기 없음),46,56,72,64,photo_258.jpg ~ photo_266.jpg (9장),item_1077196468019,vintage古着皮衣 男士修身机车款头层绵羊皮真皮外套时尚夹克 E1
231,E29,photo_267.jpg,photo_268.jpg,photo_274.jpg,빈티지 오리지널 (무명),양가죽 (羊皮),불명,47,60,73,67,photo_267.jpg ~ photo_275.jpg (9장),item_1077196468019,vintage古着皮衣 男士修身机车款头层绵羊皮真皮外套时尚夹克 E1
232,E30,photo_276.jpg,photo_277.jpg,photo_281.jpg,Christian Sian,羊皮 (양가죽),대한민국 (라벨 한글 표기 기반 추정),48,54,64,62,photo_276.jpg ~ photo_285.jpg (10장),item_1077196468019,vintage古着皮衣 男士修身机车款头层绵羊皮真皮外套时尚夹克 E1
233,E31,photo_286.jpg,photo_287.jpg,photo_291.jpg,DANIER,돼지가죽 (猪皮),불명,46,50,68,66,photo_286.jpg ~ photo_294.jpg (9장),item_1077196468019,vintage古着皮衣 男士修身机车款头层绵羊皮真皮外套时尚夹克 E1
234,E32,photo_295.jpg,photo_296.jpg,photo_302.jpg,빈티지 오리지널 (무명),양가죽 (羊皮),미상 (라벨 판독 불가),48,58,75,62,photo_295.jpg ~ photo_303.jpg (9장),item_1077196468019,vintage古着皮衣 男士修身机车款头层绵羊皮真皮外套时尚夹克 E1
235,E33,photo_304.jpg,photo_305.jpg,photo_309.jpg,Maestro BLUE LABEL,羊皮 (양가죽/램스킨),미상 (라벨에 원산지 표기 없음),46,57,65,61,photo_304.jpg ~ photo_312.jpg (9장),item_1077196468019,vintage古着皮衣 男士修身机车款头层绵羊皮真皮外套时尚夹克 E1
236,E34,photo_313.jpg,photo_314.jpg,photo_320.jpg,빈티지 오리지널,양가죽,불명,45,48,63,66,photo_313.jpg ~ photo_321.jpg (9장),item_1077196468019,vintage古着皮衣 男士修身机车款头层绵羊皮真皮外套时尚夹克 E1
237,E35,photo_322.jpg,photo_323.jpg,photo_328.jpg,7 Diamonds Leather,양가죽 (羊皮),확인불가 (라벨/실측카드에 원산지 표기 없음),51,54,69,70,photo_322.jpg ~ photo_331.jpg (10장),item_1077196468019,vintage古着皮衣 男士修身机车款头层绵羊皮真皮外套时尚夹克 E1
238,E36,photo_332.jpg,photo_333.jpg,photo_337.jpg,Procyon,양가죽,불명,46,51,65,68,photo_332.jpg ~ photo_340.jpg (9장),item_1077196468019,vintage古着皮衣 男士修身机车款头层绵羊皮真皮外套时尚夹克 E1
239,"Measurement card top ID (e.g., P211, AC91, E1, etc. If none, unknown)",photo_341.jpg,photo_342.jpg,photo_346.jpg,"Exact brand name on label in English/Korean (if unknown, '빈티지 오리지널')","Leather type (sheepskin, cowhide, deerskin, horsehide, etc.)","Country of origin (USA, Italy, Japan, Korea, China, etc., if unknown '불명')",Shoulder measurement number only (no unit),Chest measurement number only,Total length measurement number only,Sleeve length measurement number only,photo_341.jpg ~ photo_348.jpg (8장),item_1077196468019,vintage古着皮衣 男士修身机车款头层绵羊皮真皮外套时尚夹克 E1
240,E-38,photo_349.jpg,photo_350.jpg,photo_356.jpg,빈티지 오리지널,양가죽,불명,46,50,68,66,photo_349.jpg ~ photo_357.jpg (9장),item_1077196468019,vintage古着皮衣 男士修身机车款头层绵羊皮真皮外套时尚夹克 E1
241,E39,photo_358.jpg,photo_359.jpg,photo_361.jpg,빈티지 오리지널 (무명),양가죽 (羊皮),미확인 (라벨 없음),41,51,65,67,photo_358.jpg ~ photo_366.jpg (9장),item_1077196468019,vintage古着皮衣 男士修身机车款头层绵羊皮真皮外套时尚夹克 E1
242,E40,photo_367.jpg,photo_368.jpg,photo_374.jpg,빈티지 오리지널,양가죽,불명,43,50,61,60,photo_367.jpg ~ photo_375.jpg (9장),item_1077196468019,vintage古着皮衣 男士修身机车款头层绵羊皮真皮外套时尚夹克 E1
243,E41,photo_376.jpg,photo_377.jpg,photo_382.jpg,빈티지 오리지널,양가죽,불명,47,58,66,69,photo_376.jpg ~ photo_384.jpg (9장),item_1077196468019,vintage古着皮衣 男士修身机车款头层绵羊皮真皮外套时尚夹克 E1
244,E42,photo_385.jpg,photo_386.jpg,photo_391.jpg,JLD CLASSIC,양가죽 (羊皮),불명,42,49,60,63,photo_385.jpg ~ photo_394.jpg (10장),item_1077196468019,vintage古着皮衣 男士修身机车款头层绵羊皮真皮外套时尚夹克 E1
245,E43,photo_395.jpg,photo_396.jpg,photo_398.jpg,빈티지 오리지널 (무명),양가죽 (羊皮),불명,44,52,66,67,photo_395.jpg ~ photo_402.jpg (8장),item_1077196468019,vintage古着皮衣 男士修身机车款头层绵羊皮真皮外套时尚夹克 E1
246,E44,photo_403.jpg,photo_404.jpg,photo_408.jpg,FRANCO FERRARO (MILANO ITALY),羊皮 (램스킨/양가죽),"이탈리아 (MILANO, ITALY)",48,58,75,63,photo_403.jpg ~ photo_410.jpg (8장),item_1077196468019,vintage古着皮衣 男士修身机车款头层绵羊皮真皮外套时尚夹克 E1
247,E45,photo_411.jpg,photo_412.jpg,photo_416.jpg,GUESS JEANS,양가죽 (羊皮 / Sheep Leather),라벨 미표기 (확인 불가),47,100,62,67,photo_411.jpg ~ photo_420.jpg (10장),item_1077196468019,vintage古着皮衣 男士修身机车款头层绵羊皮真皮外套时尚夹克 E1
248,U122,photo_002.jpg,photo_003.jpg,photo_006.jpg,PADOVA,羊皮,未标注,48,62,69,60,photo_002.jpg ~ photo_009.jpg (8장),item_1077485419762,vintage古着皮衣 男士修身机车款头层绵羊皮真皮外套时尚夹克U122
249,U123,photo_010.jpg,photo_011.jpg,photo_014.jpg,PIERRE BERGE,羊皮,미상,48,56,66,60,photo_010.jpg ~ photo_017.jpg (8장),item_1077485419762,vintage古着皮衣 男士修身机车款头层绵羊皮真皮外套时尚夹克U122
250,U122-#3,photo_018.jpg,photo_019.jpg,photo_024.jpg,빈티지 오리지널,천연가죽,불명,-,-,-,-,photo_018.jpg ~ photo_025.jpg (8장),item_1077485419762,vintage古着皮衣 男士修身机车款头层绵羊皮真皮外套时尚夹克U122
251,U125,photo_026.jpg,photo_027.jpg,photo_032.jpg,빈티지 오리지널 (무명),양가죽,확인 불가,48,62,68,61,photo_026.jpg ~ photo_033.jpg (8장),item_1077485419762,vintage古着皮衣 男士修身机车款头层绵羊皮真皮外套时尚夹克U122
252,U126,photo_034.jpg,photo_035.jpg,photo_040.jpg,빈티지 오리지널 (무명),麂皮,판독 불가,46,56,67,62,photo_034.jpg ~ photo_041.jpg (8장),item_1077485419762,vintage古着皮衣 男士修身机车款头层绵羊皮真皮外套时尚夹克U122
253,U127,photo_042.jpg,photo_043.jpg,photo_048.jpg,빈티지 오리지널 (무명),양가죽 (羊皮),미상,49,57,65,60,photo_042.jpg ~ photo_049.jpg (8장),item_1077485419762,vintage古着皮衣 男士修身机车款头层绵羊皮真皮外套时尚夹克U122
254,U128,photo_050.jpg,photo_051.jpg,photo_053.jpg,빈티지 오리지널 (무명),양가죽 (羊皮) / 토끼털 (兔毛) 안감,판독 불가 (라벨 미확인),49,58,70,61,photo_050.jpg ~ photo_055.jpg (6장),item_1077485419762,vintage古着皮衣 男士修身机车款头层绵羊皮真皮外套时尚夹克U122
255,U129,photo_056.jpg,photo_057.jpg,photo_061.jpg,빈티지 오리지널 (무명),양가죽 (토끼털 안감),한국,52,60,70,63,photo_056.jpg ~ photo_063.jpg (8장),item_1077485419762,vintage古着皮衣 男士修身机车款头层绵羊皮真皮外套时尚夹克U122
256,U130,photo_064.jpg,photo_065.jpg,photo_070.jpg,빈티지 오리지널 (무명),"양가죽 (羊皮, 가죽 두꺼움/加厚)",확인 불가 (라벨 판독 불가),49,58,70,59,photo_064.jpg ~ photo_071.jpg (8장),item_1077485419762,vintage古着皮衣 男士修身机车款头层绵羊皮真皮外套时尚夹克U122
257,U131,photo_072.jpg,photo_073.jpg,photo_076.jpg,SAINT MICHELLE,"양가죽 (羊皮, rabbit fur 안감/토끼털 트리밍)",확인 불가 (라벨에 원산지 표기 없음),47,58,65,59,photo_072.jpg ~ photo_078.jpg (7장),item_1077485419762,vintage古着皮衣 男士修身机车款头层绵羊皮真皮外套时尚夹克U122
258,U122-#11,photo_079.jpg,photo_080.jpg,photo_085.jpg,빈티지 오리지널,천연가죽,불명,-,-,-,-,photo_079.jpg ~ photo_086.jpg (8장),item_1077485419762,vintage古着皮衣 男士修身机车款头层绵羊皮真皮外套时尚夹克U122
259,U133,photo_087.jpg,photo_088.jpg,photo_091.jpg,GGIOI,양가죽,정보 없음,46,59,68,63,photo_087.jpg ~ photo_093.jpg (7장),item_1077485419762,vintage古着皮衣 男士修身机车款头层绵羊皮真皮外套时尚夹克U122
260,U134,photo_094.jpg,photo_095.jpg,photo_100.jpg,빈티지 오리지널 (무명),양가죽 (Sheep Leather),판독 불가,47,61,68,62,photo_094.jpg ~ photo_101.jpg (8장),item_1077485419762,vintage古着皮衣 男士修身机车款头层绵羊皮真皮外套时尚夹克U122
261,V135,photo_102.jpg,photo_103.jpg,photo_106.jpg,Procyon (브레송),"양가죽 ( Sheep Leather, 加厚 )",대한민국 (Korean label),47,55,66,61,photo_102.jpg ~ photo_109.jpg (8장),item_1077485419762,vintage古着皮衣 男士修身机车款头层绵羊皮真皮外套时尚夹克U122
262,U136,photo_110.jpg,photo_111.jpg,photo_114.jpg,MAESTRO,양가죽 (羊皮),미상,50,62,68,60,photo_110.jpg ~ photo_117.jpg (8장),item_1077485419762,vintage古着皮衣 男士修身机车款头层绵羊皮真皮外套时尚夹克U122
263,U137,photo_118.jpg,photo_119.jpg,photo_122.jpg,WINDY CLUB,羊皮 (양가죽 / Sheep Leather),미상 (라벨에 제조국 표기 없음),49,61,67,60,photo_118.jpg ~ photo_124.jpg (7장),item_1077485419762,vintage古着皮衣 男士修身机车款头层绵羊皮真皮外套时尚夹克U122
264,U122-#17,photo_125.jpg,photo_126.jpg,photo_129.jpg,빈티지 오리지널,천연가죽,불명,-,-,-,-,photo_125.jpg ~ photo_132.jpg (8장),item_1077485419762,vintage古着皮衣 男士修身机车款头层绵羊皮真皮外套时尚夹克U122
265,U139,photo_133.jpg,photo_134.jpg,photo_137.jpg,TOWNGENT,양가죽,일본,48,58,66,61,photo_133.jpg ~ photo_141.jpg (9장),item_1077485419762,vintage古着皮衣 男士修身机车款头层绵羊皮真皮外套时尚夹克U122
266,V93,photo_002.jpg,photo_003.jpg,photo_013.jpg,Vanson Leathers,소가죽 (카우하이드 추정 / 실측카드 '皮' 표기),"미국 (MADE IN USA, BOSTON MASS.)",44,52,55,64,photo_002.jpg ~ photo_017.jpg (16장),item_1077843058059,vintage古着皮衣 美式复古短款斜拉链机车服皮夹克摩托车外套V93
267,V82,photo_002.jpg,photo_003.jpg,photo_006.jpg,빈티지 오리지널 (무명),"가죽 (소가죽 추정, 실측카드 표기 '皮')",판독 불가 (라벨 내 제조국 표기 확인 불가),35,58,58,54,photo_002.jpg ~ photo_014.jpg (13장),item_1078044637886,vintage古着皮衣 美式A2复古短款宽松飞行员皮夹克外套男女 V82
268,Q911,photo_002.jpg,photo_003.jpg,photo_008.jpg,빈티지 오리지널,양가죽,불명,55,60,88,58,photo_002.jpg ~ photo_009.jpg (8장),item_1078567805117,vintage古着皮衣 长袖秋冬季个性防风百搭外套翻领保暖休闲男Q91
269,Q92,photo_010.jpg,photo_011.jpg,photo_014.jpg,Sub-Urban (REFINED COLLECTION / GREAT FAVORITE WITH YOU),羊皮 (Sheep Leather / 양가죽),미상 (라벨·카드에 원산지 미표기),55,58,81,53,photo_010.jpg ~ photo_017.jpg (8장),item_1078567805117,vintage古着皮衣 长袖秋冬季个性防风百搭外套翻领保暖休闲男Q91
270,Q93,photo_018.jpg,photo_019.jpg,photo_024.jpg,빈티지 오리지널,양가죽,불명,52,60,76,56,photo_018.jpg ~ photo_025.jpg (8장),item_1078567805117,vintage古着皮衣 长袖秋冬季个性防风百搭外套翻领保暖休闲男Q91
271,Q94,photo_026.jpg,photo_027.jpg,photo_031.jpg,빈티지 오리지널,양가죽,불명,49,59,82,72,photo_026.jpg ~ photo_032.jpg (7장),item_1078567805117,vintage古着皮衣 长袖秋冬季个性防风百搭外套翻领保暖休闲男Q91
272,Q95,photo_033.jpg,photo_034.jpg,photo_037.jpg,D'HOMME A HOMME,양가죽,일본,53,59,84,59,photo_033.jpg ~ photo_040.jpg (8장),item_1078567805117,vintage古着皮衣 长袖秋冬季个性防风百搭外套翻领保暖休闲男Q91
273,Q96,photo_041.jpg,photo_042.jpg,photo_045.jpg,빈티지 오리지널,돼지가죽,불명,55,62,74,56,photo_041.jpg ~ photo_048.jpg (8장),item_1078567805117,vintage古着皮衣 长袖秋冬季个性防风百搭外套翻领保暖休闲男Q91
274,Q97,photo_049.jpg,photo_050.jpg,photo_053.jpg,ROCHI INDIVIDUAL,Leather,Unknown,58,60,78,77,photo_049.jpg ~ photo_055.jpg (7장),item_1078567805117,vintage古着皮衣 长袖秋冬季个性防风百搭外套翻领保暖休闲男Q91
275,Q98,photo_056.jpg,photo_057.jpg,photo_062.jpg,"판독 불가 (라벨 흐림, 식별 불가)","가죽 (皮, 천연가죽 - 상세 종류 판독 불가)",판독 불가 (원산지 표기 미확인),54,58,80,58,photo_056.jpg ~ photo_063.jpg (8장),item_1078567805117,vintage古着皮衣 长袖秋冬季个性防风百搭外套翻领保暖休闲男Q91
276,Q99,photo_064.jpg,photo_065.jpg,photo_068.jpg,F.CONCEPT MEN GOLD BY FRIENDLY,돼지가죽 (猪皮 / Pig Leather),미상 (라벨에 원산지 미표기),51,59,75,68,photo_064.jpg ~ photo_071.jpg (8장),item_1078567805117,vintage古着皮衣 长袖秋冬季个性防风百搭外套翻领保暖休闲男Q91
277,Q100,photo_072.jpg,photo_073.jpg,photo_076.jpg,Ben Paris Classic,皮 (천연가죽),미확인,51,57,77,64,photo_072.jpg ~ photo_087.jpg (16장),item_1078567805117,vintage古着皮衣 长袖秋冬季个性防风百搭外套翻领保暖休闲男Q91
278,Q102,photo_088.jpg,photo_089.jpg,photo_092.jpg,JACKER'S,소가죽 (우피),일본 (추정),58,61,76,77,photo_088.jpg ~ photo_095.jpg (8장),item_1078567805117,vintage古着皮衣 长袖秋冬季个性防风百搭外套翻领保暖休闲男Q91
279,Q103,photo_096.jpg,photo_097.jpg,photo_100.jpg,WORLDWIDE STUDIO,牛皮 (소가죽),미확인 (라벨에 원산지 표기 없음),55,58,80,56,photo_096.jpg ~ photo_103.jpg (8장),item_1078567805117,vintage古着皮衣 长袖秋冬季个性防风百搭外套翻领保暖休闲男Q91
280,Q104,photo_104.jpg,photo_105.jpg,photo_108.jpg,빈티지 오리지널,소가죽,불명,53,59,78,60,photo_104.jpg ~ photo_111.jpg (8장),item_1078567805117,vintage古着皮衣 长袖秋冬季个性防风百搭外套翻领保暖休闲男Q91
281,Q105,photo_112.jpg,photo_113.jpg,photo_118.jpg,빈티지 오리지널 (무명),"가죽 (皮, 세부 재질 미확인)",미확인,51,58,80,57,photo_112.jpg ~ photo_119.jpg (8장),item_1078567805117,vintage古着皮衣 长袖秋冬季个性防风百搭外套翻领保暖休闲男Q91
282,Q106,photo_120.jpg,photo_121.jpg,photo_124.jpg,빈티지 오리지널,"가죽(종류 미상, 실측표에 皮 표기)",불명,53,62,79,57,photo_120.jpg ~ photo_126.jpg (7장),item_1078567805117,vintage古着皮衣 长袖秋冬季个性防风百搭外套翻领保暖休闲男Q91
283,Q107,photo_127.jpg,photo_128.jpg,photo_131.jpg,UNKNOWN DESTINATION by taka-q,"소가죽 (천연 가죽, 카드 표기 '皮')","일본 (TAKA-Q / by taka-q, 일본 도메스틱)",55,"61 (카드 표기 胸围x2 61, 단면 기준 시 흉위 122)",77,53,photo_127.jpg ~ photo_134.jpg (8장),item_1078567805117,vintage古着皮衣 长袖秋冬季个性防风百搭外套翻领保暖休闲男Q91
284,Q108,photo_135.jpg,photo_136.jpg,photo_139.jpg,RECUERDO CLUB (ORIGINAL FASHION),"가죽 (실측카드에 '皮'만 표기, 소가죽 추정)",라벨 미표기 (한국 추정),52,56,72,56,photo_135.jpg ~ photo_142.jpg (8장),item_1078567805117,vintage古着皮衣 长袖秋冬季个性防风百搭外套翻领保暖休闲男Q91
285,Q109,photo_143.jpg,photo_144.jpg,photo_147.jpg,WORLDWIDE STUDIO (URBAN SPORTS RESORT COLLECTION / ORIGINAL FANTASY - DESIGNED BY HIGH SENSE),"가죽 (천연 레더, 라벨상 소재 표기 '皮')",미표기 (라벨에 제조국 기재 없음),57,58,78,55,photo_143.jpg ~ photo_150.jpg (8장),item_1078567805117,vintage古着皮衣 长袖秋冬季个性防风百搭外套翻领保暖休闲男Q91
286,Q110,photo_151.jpg,photo_152.jpg,photo_155.jpg,빈티지 오리지널,牛皮,불명,连肩,60,84,75,photo_151.jpg ~ photo_158.jpg (8장),item_1078567805117,vintage古着皮衣 长袖秋冬季个性防风百搭外套翻领保暖休闲男Q91
287,Q111,photo_159.jpg,photo_160.jpg,photo_163.jpg,Mister Samwa,가죽 (종류 미상),미확인,53,60,79,57,photo_159.jpg ~ photo_166.jpg (8장),item_1078567805117,vintage古着皮衣 长袖秋冬季个性防风百搭外套翻领保暖休闲男Q91
288,Q112,photo_167.jpg,photo_168.jpg,photo_171.jpg,PIERRE BONÉE,소가죽 (牛皮),확인불가 (라벨상 원산지 표기 없음),54,59,81,54,photo_167.jpg ~ photo_180.jpg (14장),item_1078567805117,vintage古着皮衣 长袖秋冬季个性防风百搭外套翻领保暖休闲男Q91
289,Q114,photo_181.jpg,photo_182.jpg,photo_185.jpg,JAC LEATHER,소가죽,불명,52,56,78,55,photo_181.jpg ~ photo_188.jpg (8장),item_1078567805117,vintage古着皮衣 长袖秋冬季个性防风百搭外套翻领保暖休闲男Q91
290,Q115,photo_189.jpg,photo_190.jpg,photo_193.jpg,BROTHERS FIT FASHION,소가죽,불명,53,57,77,55,photo_189.jpg ~ photo_196.jpg (8장),item_1078567805117,vintage古着皮衣 长袖秋冬季个性防风百搭外套翻领保暖休闲男Q91
291,Q116,photo_197.jpg,photo_198.jpg,photo_201.jpg,Z,소가죽,불명,52,56,78,56,photo_197.jpg ~ photo_204.jpg (8장),item_1078567805117,vintage古着皮衣 长袖秋冬季个性防风百搭外套翻领保暖休闲男Q91
292,Q117,photo_205.jpg,photo_206.jpg,photo_209.jpg,빈티지 오리지널,소가죽,불명,-,58,74,72,photo_205.jpg ~ photo_213.jpg (9장),item_1078567805117,vintage古着皮衣 长袖秋冬季个性防风百搭外套翻领保暖休闲男Q91
293,E124-#1,photo_002.jpg,photo_003.jpg,photo_006.jpg,"itallo (SINCE 1972, 사이즈택 52)","천연가죽 (스웨이드/누벅 질감, 세부 가죽 종류 판독 불가)",판독 불가 (라벨에 제조국 표기 없음),,,,,photo_002.jpg ~ photo_010.jpg (9장),item_1079166241473,vintage古着皮衣 美式复古油蜡皮真皮外套阿美咔叽机车皮夹克E124
294,E125,photo_011.jpg,photo_012.jpg,photo_020.jpg,빈티지 오리지널 (무명) — 목 라벨 판독 불가,양가죽 (羊皮),미상 (사진상 원산지 표기 판독 불가),51,60,67,66,photo_011.jpg ~ photo_021.jpg (11장),item_1079166241473,vintage古着皮衣 美式复古油蜡皮真皮外套阿美咔叽机车皮夹克E124
295,E124-#3,photo_022.jpg,photo_023.jpg,photo_029.jpg,빈티지 오리지널,천연가죽,불명,-,-,-,-,photo_022.jpg ~ photo_030.jpg (9장),item_1079166241473,vintage古着皮衣 美式复古油蜡皮真皮外套阿美咔叽机车皮夹克E124
296,E127,photo_031.jpg,photo_032.jpg,photo_036.jpg,"PECKOTT (VINTAGE CLOTH / New England Apparel since 1964 / FAVORITE WEAR, No. 10437)","양가죽 (羊皮, Sheep Leather)",미상 (라벨에 원산지 표기 없음),51,62,68,67,photo_031.jpg ~ photo_039.jpg (9장),item_1079166241473,vintage古着皮衣 美式复古油蜡皮真皮外套阿美咔叽机车皮夹克E124
297,E128,photo_040.jpg,photo_041.jpg,photo_047.jpg,빈티지 오리지널 (무명),소가죽 (牛皮),판독불가,50,59,68,64,photo_040.jpg ~ photo_048.jpg (9장),item_1079166241473,vintage古着皮衣 美式复古油蜡皮真皮外套阿美咔叽机车皮夹克E124
298,E129,photo_049.jpg,photo_050.jpg,photo_055.jpg,빈티지 오리지널 (무명),양가죽 (羊皮 / Sheep Leather),미상,50,61,67,66,photo_049.jpg ~ photo_056.jpg (8장),item_1079166241473,vintage古着皮衣 美式复古油蜡皮真皮外套阿美咔叽机车皮夹克E124
299,E124-#7,photo_057.jpg,photo_058.jpg,photo_064.jpg,빈티지 오리지널,천연가죽,불명,-,-,-,-,photo_057.jpg ~ photo_065.jpg (9장),item_1079166241473,vintage古着皮衣 美式复古油蜡皮真皮外套阿美咔叽机车皮夹克E124
300,E124-#8,photo_066.jpg,photo_067.jpg,photo_074.jpg,빈티지 오리지널,천연가죽,불명,-,-,-,-,photo_066.jpg ~ photo_075.jpg (10장),item_1079166241473,vintage古着皮衣 美式复古油蜡皮真皮外套阿美咔叽机车皮夹克E124
301,E124-#9,photo_076.jpg,photo_077.jpg,photo_081.jpg,빈티지 오리지널,천연가죽,불명,-,-,-,-,photo_076.jpg ~ photo_085.jpg (10장),item_1079166241473,vintage古着皮衣 美式复古油蜡皮真皮外套阿美咔叽机车皮夹克E124
302,E133,photo_086.jpg,photo_087.jpg,photo_094.jpg,빈티지 오리지널 (무명),양가죽,확인 불가,52,65,70,65,photo_086.jpg ~ photo_095.jpg (10장),item_1079166241473,vintage古着皮衣 美式复古油蜡皮真皮外套阿美咔叽机车皮夹克E124
303,E134,photo_096.jpg,photo_097.jpg,photo_101.jpg,engbers,羊皮 (sheep/lamb leather),제조국 미확인 (독일 브랜드 engbers),51,"68 (표기 '胸围x2', 단면 기준)",69,68,photo_096.jpg ~ photo_104.jpg (9장),item_1079166241473,vintage古着皮衣 美式复古油蜡皮真皮外套阿美咔叽机车皮夹克E124
304,E135,photo_105.jpg,photo_106.jpg,photo_110.jpg,빈티지 오리지널 (무명),소가죽 (牛皮),미상,50,60,63,66,photo_105.jpg ~ photo_112.jpg (8장),item_1079166241473,vintage古着皮衣 美式复古油蜡皮真皮外套阿美咔叽机车皮夹克E124
305,E136,photo_113.jpg,photo_114.jpg,photo_121.jpg,빈티지 오리지널 (무명),사슴가죽 (鹿皮),미확인,52,66,63,70,photo_113.jpg ~ photo_122.jpg (10장),item_1079166241473,vintage古着皮衣 美式复古油蜡皮真皮外套阿美咔叽机车皮夹克E124
306,E137,photo_123.jpg,photo_124.jpg,photo_128.jpg,Fab.For Men,羊皮 (양가죽/램 레더),미상 (라벨에 제조국 표기 없음),48,56,66,66,photo_123.jpg ~ photo_130.jpg (8장),item_1079166241473,vintage古着皮衣 美式复古油蜡皮真皮外套阿美咔叽机车皮夹克E124
307,E124-#15,photo_131.jpg,photo_132.jpg,photo_138.jpg,빈티지 오리지널,천연가죽,불명,-,-,-,-,photo_131.jpg ~ photo_139.jpg (9장),item_1079166241473,vintage古着皮衣 美式复古油蜡皮真皮外套阿美咔叽机车皮夹克E124
308,E139,photo_140.jpg,photo_141.jpg,photo_147.jpg,"판독 불가 (목 안쪽 가죽 패치에 각인/인쇄가 있으나 사진 상 글자 식별 불가, 브랜드명 특정 불가)","양가죽 (羊皮, Sheep Leather)","미표기 (라벨·카드 상 제조국 확인 불가, 중국어 실측카드로 보아 중국 유통/제조 추정)",49,61 (카드 표기 胸围x2 기준),65,68,photo_140.jpg ~ photo_148.jpg (9장),item_1079166241473,vintage古着皮衣 美式复古油蜡皮真皮外套阿美咔叽机车皮夹克E124
309,E140,photo_149.jpg,photo_150.jpg,photo_154.jpg,KULTE,羊皮,INDIA,48,53,64,68,photo_149.jpg ~ photo_156.jpg (8장),item_1079166241473,vintage古着皮衣 美式复古油蜡皮真皮外套阿美咔叽机车皮夹克E124
310,E124-#18,photo_157.jpg,photo_158.jpg,photo_162.jpg,빈티지 오리지널,천연가죽,불명,-,-,-,-,photo_157.jpg ~ photo_165.jpg (9장),item_1079166241473,vintage古着皮衣 美式复古油蜡皮真皮外套阿美咔叽机车皮夹克E124
311,E124-#19,photo_166.jpg,photo_167.jpg,photo_169.jpg,빈티지 오리지널,천연가죽,불명,-,-,-,-,photo_166.jpg ~ photo_174.jpg (9장),item_1079166241473,vintage古着皮衣 美式复古油蜡皮真皮外套阿美咔叽机车皮夹克E124
312,E124-#20,photo_175.jpg,photo_176.jpg,photo_183.jpg,빈티지 오리지널,천연가죽,불명,-,-,-,-,photo_175.jpg ~ photo_184.jpg (10장),item_1079166241473,vintage古着皮衣 美式复古油蜡皮真皮外套阿美咔叽机车皮夹克E124
313,E144,photo_185.jpg,photo_186.jpg,photo_190.jpg,Project MODA,牛皮 (소가죽),미상 (라벨에 원산지 표기 없음),46,53,57,62,photo_185.jpg ~ photo_193.jpg (9장),item_1079166241473,vintage古着皮衣 美式复古油蜡皮真皮外套阿美咔叽机车皮夹克E124
314,E145,photo_194.jpg,photo_195.jpg,photo_201.jpg,빈티지 오리지널 (무명),羊皮 (양가죽 / Sheep Leather),미상 (라벨 판독 불가),50,58,68,63,photo_194.jpg ~ photo_202.jpg (9장),item_1079166241473,vintage古着皮衣 美式复古油蜡皮真皮外套阿美咔叽机车皮夹克E124
315,E146,photo_203.jpg,photo_204.jpg,photo_208.jpg,Tailor & Son,양가죽 (羊皮 / Sheep Leather),확인불가 (라벨/실측카드에 원산지 표기 없음),49,60,65,63,photo_203.jpg ~ photo_211.jpg (9장),item_1079166241473,vintage古着皮衣 美式复古油蜡皮真皮外套阿美咔叽机车皮夹克E124
316,E147,photo_212.jpg,photo_213.jpg,photo_219.jpg,빈티지 오리지널 (무명),소가죽 (牛皮),미상,51,58,63,66,photo_212.jpg ~ photo_220.jpg (9장),item_1079166241473,vintage古着皮衣 美式复古油蜡皮真皮外套阿美咔叽机车皮夹克E124
317,E148,photo_221.jpg,photo_222.jpg,photo_226.jpg,URBAN BEHAVIOR,羊皮 (양가죽/램스킨),확인 불가 (라벨상 원산지 미표기),49,57,68,68,photo_221.jpg ~ photo_229.jpg (9장),item_1079166241473,vintage古着皮衣 美式复古油蜡皮真皮外套阿美咔叽机车皮夹克E124
318,E149,photo_230.jpg,photo_231.jpg,photo_235.jpg,"SOFT GREY (LARROGUTE Co., Ltd.)",돼지가죽(猪皮),일본,52,63,67,68,photo_230.jpg ~ photo_237.jpg (8장),item_1079166241473,vintage古着皮衣 美式复古油蜡皮真皮外套阿美咔叽机车皮夹克E124
319,E124-#27,photo_238.jpg,photo_239.jpg,photo_243.jpg,빈티지 오리지널,천연가죽,불명,-,-,-,-,photo_238.jpg ~ photo_244.jpg (7장),item_1079166241473,vintage古着皮衣 美式复古油蜡皮真皮外套阿美咔叽机车皮夹克E124
320,E151,photo_245.jpg,photo_246.jpg,photo_250.jpg,SAINT MICHELLE,"양가죽 (羊皮, Sheep Leather)",확인 불가 (라벨상 원산지 표기 없음),47,59,66,59,photo_245.jpg ~ photo_252.jpg (8장),item_1079166241473,vintage古着皮衣 美式复古油蜡皮真皮外套阿美咔叽机车皮夹克E124
321,E152,photo_253.jpg,photo_254.jpg,photo_260.jpg,빈티지 오리지널 (무명),양가죽 (羊皮),미상,50,59,70,60,photo_253.jpg ~ photo_261.jpg (9장),item_1079166241473,vintage古着皮衣 美式复古油蜡皮真皮外套阿美咔叽机车皮夹克E124
322,E153,photo_262.jpg,photo_263.jpg,photo_267.jpg,COUNTESS MARA,가죽 (상세 종류 미표기),미상,48,59,66,61,photo_262.jpg ~ photo_270.jpg (9장),item_1079166241473,vintage古着皮衣 美式复古油蜡皮真皮外套阿美咔叽机车皮夹克E124
323,E154,photo_271.jpg,photo_272.jpg,photo_276.jpg,COUNTESS MARA (카운테스 마라) 100,"가죽 (천연피혁, 상세 종류 미표기)",미상 (라벨에 제조국 표기 없음),49,59,66,56,photo_271.jpg ~ photo_279.jpg (9장),item_1079166241473,vintage古着皮衣 美式复古油蜡皮真皮外套阿美咔叽机车皮夹克E124
324,E155,photo_280.jpg,photo_281.jpg,photo_287.jpg,BOSTON,양가죽 (Sheep Leather),확인불가 (라벨 내 원산지 표기 없음),48,58,67,61,photo_280.jpg ~ photo_288.jpg (9장),item_1079166241473,vintage古着皮衣 美式复古油蜡皮真皮外套阿美咔叽机车皮夹克E124
325,E156,photo_289.jpg,photo_290.jpg,photo_292.jpg,빈티지 오리지널 (무명),"양가죽 (羊皮, Sheep Leather)",판독 불가 (라벨 미확인),49,120 (단면 60 x2),69,61,photo_289.jpg ~ photo_299.jpg (11장),item_1079166241473,vintage古着皮衣 美式复古油蜡皮真皮外套阿美咔叽机车皮夹克E124
326,E157,photo_300.jpg,photo_301.jpg,photo_305.jpg,Domon HOMME,"가죽 (皮, 태그상 종류 미표기 / 소가죽 추정)",미표기 (일본 도메스틱 추정),46,54,75,57,photo_300.jpg ~ photo_310.jpg (11장),item_1079166241473,vintage古着皮衣 美式复古油蜡皮真皮外套阿美咔叽机车皮夹克E124
327,V99,photo_002.jpg,photo_003.jpg,photo_012.jpg,빈티지 오리지널 (무명),소가죽 (牛皮),불명,42,47,52,59,photo_002.jpg ~ photo_013.jpg (12장),item_1079411133222,vintage古着皮衣 美式复古短款斜拉链机车服皮夹克摩托车外套V99
328,8118,photo_002.jpg,photo_003.jpg,photo_006.jpg,빈티지 오리지널 (무명),소가죽 (牛皮),한국 (MADE IN KOREA),51,58,74,54,photo_002.jpg ~ photo_008.jpg (7장),item_1080043211319,vintage古着皮衣 长袖秋冬季个性防风百搭外套翻领保暖休闲男Q118
329,Q119,photo_009.jpg,photo_010.jpg,photo_012.jpg,PENON,牛皮 (소가죽),알 수 없음,54,57,71,56,photo_009.jpg ~ photo_015.jpg (7장),item_1080043211319,vintage古着皮衣 长袖秋冬季个性防风百搭外套翻领保暖休闲男Q118
330,Q120,photo_016.jpg,photo_017.jpg,photo_020.jpg,CROSS WOOD,소가죽 (牛皮),불명,连肩 (래글런),58,78,73,photo_016.jpg ~ photo_023.jpg (8장),item_1080043211319,vintage古着皮衣 长袖秋冬季个性防风百搭外套翻领保暖休闲男Q118
331,Q121,photo_024.jpg,photo_025.jpg,photo_027.jpg,빈티지 오리지널 (무명),소가죽 (牛皮),불명,50,56,74,55,photo_024.jpg ~ photo_031.jpg (8장),item_1080043211319,vintage古着皮衣 长袖秋冬季个性防风百搭外套翻领保暖休闲男Q118
332,Q122,photo_032.jpg,photo_033.jpg,photo_036.jpg,WORLDWIDE STUDIO (LEATHER WEAR),소가죽 (牛皮),미상 (라벨에 원산지 표기 없음),55,55,78,54,photo_032.jpg ~ photo_039.jpg (8장),item_1080043211319,vintage古着皮衣 长袖秋冬季个性防风百搭外套翻领保暖休闲男Q118
333,Q123,photo_040.jpg,photo_041.jpg,photo_043.jpg,빈티지 오리지널,소가죽,불명,-,58,78,76,photo_040.jpg ~ photo_044.jpg (5장),item_1080043211319,vintage古着皮衣 长袖秋冬季个性防风百搭外套翻领保暖休闲男Q118
334,Q124,photo_045.jpg,photo_046.jpg,photo_049.jpg,WORLDWIDE STUDIO,소가죽 (牛皮 / Cowhide),미상 (라벨에 원산지 표기 없음),54,57,77,54,photo_045.jpg ~ photo_052.jpg (8장),item_1080043211319,vintage古着皮衣 长袖秋冬季个性防风百搭外套翻领保暖休闲男Q118
335,Q125,photo_053.jpg,photo_054.jpg,photo_058.jpg,판독불가 (라벨 식별 불가 / 무명 빈티지),소가죽 (牛皮),미상 (라벨 및 실측카드에 원산지 표기 없음),52,54,76,51,photo_053.jpg ~ photo_059.jpg (7장),item_1080043211319,vintage古着皮衣 长袖秋冬季个性防风百搭外套翻领保暖休闲男Q118
336,Q126,photo_060.jpg,photo_061.jpg,photo_064.jpg,PIERRE BONÉE,"소가죽 (牛皮, 카우하이드)",확인 불가 (라벨에 원산지 표기 없음),53,58,78,53,photo_060.jpg ~ photo_067.jpg (8장),item_1080043211319,vintage古着皮衣 长袖秋冬季个性防风百搭外套翻领保暖休闲男Q118
337,Q127,photo_068.jpg,photo_069.jpg,photo_072.jpg,GIORGIO BRUTINI,소가죽,불명,53,57,77,53,photo_068.jpg ~ photo_075.jpg (8장),item_1080043211319,vintage古着皮衣 长袖秋冬季个性防风百搭外套翻领保暖休闲男Q118
338,Q128,photo_076.jpg,photo_077.jpg,photo_080.jpg,VIVRECLUB,돼지가죽(猪皮),미확인 (라벨상 원산지 표기 없음),51,64,84,56,photo_076.jpg ~ photo_083.jpg (8장),item_1080043211319,vintage古着皮衣 长袖秋冬季个性防风百搭外套翻领保暖休闲男Q118
339,Q129,photo_084.jpg,photo_085.jpg,photo_090.jpg,빈티지 오리지널 (무명),양가죽 (羊皮),불명,56,58,84,58,photo_084.jpg ~ photo_091.jpg (8장),item_1080043211319,vintage古着皮衣 长袖秋冬季个性防风百搭外套翻领保暖休闲男Q118
340,Q130,photo_092.jpg,photo_093.jpg,photo_096.jpg,Sub Urban,소가죽 (牛皮),불명,54,60,82,54,photo_092.jpg ~ photo_099.jpg (8장),item_1080043211319,vintage古着皮衣 长袖秋冬季个性防风百搭外套翻领保暖休闲男Q118
341,Q131,photo_100.jpg,photo_101.jpg,photo_104.jpg,MAYSIAL,소가죽(우피),불명,미상(연견/래글런),59,83,76,photo_100.jpg ~ photo_107.jpg (8장),item_1080043211319,vintage古着皮衣 长袖秋冬季个性防风百搭外套翻领保暖休闲男Q118
342,Q132,photo_108.jpg,photo_109.jpg,photo_111.jpg,빈티지 오리지널 (무명),"소가죽 (牛皮, Cowhide)",판독 불가 (라벨/표기 확인 불가),52,60,79,56,photo_108.jpg ~ photo_115.jpg (8장),item_1080043211319,vintage古着皮衣 长袖秋冬季个性防风百搭外套翻领保暖休闲男Q118
343,Q133,photo_116.jpg,photo_117.jpg,photo_122.jpg,Nicole Club,소가죽 (牛皮),미표기 (라벨 판독불가),52,58,80,58,photo_116.jpg ~ photo_123.jpg (8장),item_1080043211319,vintage古着皮衣 长袖秋冬季个性防风百搭外套翻领保暖休闲男Q118
344,Q134,photo_124.jpg,photo_125.jpg,photo_128.jpg,"ON THE WORLD, INC (onthe world,inc)",소가죽 (牛皮 / Cowhide),판독 불가 (라벨에 원산지 표기 없음),55,60,82,56,photo_124.jpg ~ photo_131.jpg (8장),item_1080043211319,vintage古着皮衣 长袖秋冬季个性防风百搭外套翻领保暖休闲男Q118
345,Q135,photo_132.jpg,photo_133.jpg,photo_136.jpg,Mister Sanwa,소가죽 (牛皮),라벨 미표기 (일본 브랜드 추정),53,61,80,55,photo_132.jpg ~ photo_139.jpg (8장),item_1080043211319,vintage古着皮衣 长袖秋冬季个性防风百搭外套翻领保暖休闲男Q118
346,Q136,photo_140.jpg,photo_141.jpg,photo_144.jpg,빈티지 오리지널,소가죽,불명,-,60,80,73,photo_140.jpg ~ photo_147.jpg (8장),item_1080043211319,vintage古着皮衣 长袖秋冬季个性防风百搭外套翻领保暖休闲男Q118
347,Q137,photo_148.jpg,photo_149.jpg,photo_152.jpg,PIERRE BONÉE (AUTHENTIC QUALITY / WE MAKE AN IMPRESSION),"소가죽 (牛皮, Cowhide)",라벨 미표기 (확인 불가),54,59,77,53,photo_148.jpg ~ photo_154.jpg (7장),item_1080043211319,vintage古着皮衣 长袖秋冬季个性防风百搭外套翻领保暖休闲男Q118
348,Q138,photo_155.jpg,photo_156.jpg,photo_159.jpg,Sub Urban,소가죽 (牛皮),일본,53,60,82,55,photo_155.jpg ~ photo_162.jpg (8장),item_1080043211319,vintage古着皮衣 长袖秋冬季个性防风百搭外套翻领保暖休闲男Q118
349,Q139,photo_163.jpg,photo_164.jpg,photo_167.jpg,DURANTE,牛皮,알 수 없음,54,59,80,55,photo_163.jpg ~ photo_170.jpg (8장),item_1080043211319,vintage古着皮衣 长袖秋冬季个性防风百搭外套翻领保暖休闲男Q118
350,Q140,photo_171.jpg,photo_172.jpg,photo_175.jpg,GLEEMAN,"소가죽 (牛皮, 경질/하드 타입)",미상 (라벨상 원산지 표기 없음),53,55,78,55,photo_171.jpg ~ photo_179.jpg (9장),item_1080043211319,vintage古着皮衣 长袖秋冬季个性防风百搭外套翻领保暖休闲男Q118
351,V/160,photo_002.jpg,photo_003.jpg,photo_006.jpg,빈티지 오리지널,소가죽,불명,连肩,61,66,75,photo_002.jpg ~ photo_017.jpg (16장),item_1080314063229,vintage古着皮衣 水貂毛皮草冬季外套整貂大翻领夹克双面可穿V160
352,V161,photo_002.jpg,photo_003.jpg,photo_009.jpg,빈티지 오리지널 (무명),가죽 + 밍크퍼(水貂毛),불명,55,57,65,74,photo_002.jpg ~ photo_013.jpg (12장),item_1080314843824,vintage古着皮衣 水貂毛皮草冬季外套整貂大翻领夹克双面可穿V161
353,V111,photo_002.jpg,photo_003.jpg,photo_013.jpg,빈티지 오리지널 (무명),소가죽 (牛皮),확인 불가 (라벨/표기 없음),44,112,65,68,photo_002.jpg ~ photo_014.jpg (13장),item_1080925638255,vintage古着皮衣 复古机车风美式经典皮夹克头层牛皮外套男士V111
354,V/112,photo_015.jpg,photo_016.jpg,photo_021.jpg,Schott,羊皮,USA,46,52,62,58,photo_015.jpg ~ photo_027.jpg (13장),item_1080925638255,vintage古着皮衣 复古机车风美式经典皮夹克头层牛皮外套男士V111
355,V113,photo_028.jpg,photo_029.jpg,photo_035.jpg,Schott,"소가죽 (牛皮, 카우하이드)",미국 (MADE IN U.S.A.),46,49,62,59,photo_028.jpg ~ photo_040.jpg (13장),item_1080925638255,vintage古着皮衣 复古机车风美式经典皮夹克头层牛皮外套男士V111
356,Y114,photo_041.jpg,photo_042.jpg,photo_049.jpg,빈티지 오리지널 (무명),천연가죽 (소가죽 추정),미상,44,"53 (단면, ×2 = 106)",64,60,photo_041.jpg ~ photo_050.jpg (10장),item_1080925638255,vintage古着皮衣 复古机车风美式经典皮夹克头层牛皮外套男士V111
357,V111-#5,photo_051.jpg,photo_052.jpg,photo_058.jpg,빈티지 오리지널,천연가죽,불명,-,-,-,-,photo_051.jpg ~ photo_059.jpg (9장),item_1080925638255,vintage古着皮衣 复古机车风美式经典皮夹克头层牛皮外套男士V111
358,V111-#6,photo_060.jpg,photo_061.jpg,photo_066.jpg,빈티지 오리지널,천연가죽,불명,-,-,-,-,photo_060.jpg ~ photo_072.jpg (13장),item_1080925638255,vintage古着皮衣 复古机车风美式经典皮夹克头层牛皮外套男士V111
359,V117,photo_073.jpg,photo_074.jpg,photo_081.jpg,BEAMS bPr,羊皮 (Sheepskin / 양가죽),미국 (MADE IN USA),43,52,61,62,photo_073.jpg ~ photo_084.jpg (12장),item_1080925638255,vintage古着皮衣 复古机车风美式经典皮夹克头层牛皮外套男士V111
360,V118,photo_085.jpg,photo_086.jpg,photo_090.jpg,AMERICAN NOSTALGIA,"가죽 (Genuine Leather, 세부 종류 미표기)",미상 (라벨에 원산지 미표기),50,55,60,61,photo_085.jpg ~ photo_095.jpg (11장),item_1080925638255,vintage古着皮衣 复古机车风美式经典皮夹克头层牛皮外套男士V111
361,V111-#9,photo_096.jpg,photo_097.jpg,photo_106.jpg,빈티지 오리지널,천연가죽,불명,-,-,-,-,photo_096.jpg ~ photo_107.jpg (12장),item_1080925638255,vintage古着皮衣 复古机车风美式经典皮夹克头层牛皮外套男士V111
362,V120,photo_108.jpg,photo_109.jpg,photo_115.jpg,EBEL,소가죽,알 수 없음,50,54,56,56,photo_108.jpg ~ photo_116.jpg (9장),item_1080925638255,vintage古着皮衣 复古机车风美式经典皮夹克头层牛皮外套男士V111
363,V111-#11,photo_117.jpg,photo_118.jpg,photo_120.jpg,빈티지 오리지널,천연가죽,불명,-,-,-,-,photo_117.jpg ~ photo_126.jpg (10장),item_1080925638255,vintage古着皮衣 复古机车风美式经典皮夹克头层牛皮外套男士V111
364,Y122,photo_127.jpg,photo_128.jpg,photo_132.jpg,BASIC by G.V. JEANS,소가죽 (牛皮),확인불가,46,53,62,58,photo_127.jpg ~ photo_135.jpg (9장),item_1080925638255,vintage古着皮衣 复古机车风美式经典皮夹克头层牛皮外套男士V111
365,V123,photo_136.jpg,photo_137.jpg,photo_147.jpg,빈티지 오리지널 (무명),소가죽 (牛皮),확인불가 (브랜드/제조국 라벨 미확인),49,55,65,58,photo_136.jpg ~ photo_148.jpg (13장),item_1080925638255,vintage古着皮衣 复古机车风美式经典皮夹克头层牛皮外套男士V111
366,P211,photo_002.jpg,photo_003.jpg,photo_006.jpg,빈티지 오리지널 (무명),양가죽 (羊皮 / Lamb Leather),미상 (한국 라벨 추정),45,50,72,61,photo_002.jpg ~ photo_008.jpg (7장),item_1081695145771,vintage古着皮衣 商务休闲百搭款头层羊皮男士西服简约款外套P211
367,P211-#2,photo_009.jpg,photo_010.jpg,photo_013.jpg,빈티지 오리지널,천연가죽,불명,-,-,-,-,photo_009.jpg ~ photo_015.jpg (7장),item_1081695145771,vintage古着皮衣 商务休闲百搭款头层羊皮男士西服简约款外套P211
368,P213,photo_016.jpg,photo_017.jpg,photo_020.jpg,빈티지 오리지널 (무명),양가죽 (羊皮),불명,49,53,76,61,photo_016.jpg ~ photo_022.jpg (7장),item_1081695145771,vintage古着皮衣 商务休闲百搭款头层羊皮男士西服简约款外套P211
369,P214,photo_023.jpg,photo_024.jpg,photo_027.jpg,Fugitives Heroes,양가죽,불명,49,54,74,61,photo_023.jpg ~ photo_030.jpg (8장),item_1081695145771,vintage古着皮衣 商务休闲百搭款头层羊皮男士西服简约款外套P211
370,P215,photo_031.jpg,photo_032.jpg,photo_035.jpg,GIONARD,양가죽,불명,46,54,70,66,photo_031.jpg ~ photo_038.jpg (8장),item_1081695145771,vintage古着皮衣 商务休闲百搭款头层羊皮男士西服简约款外套P211
371,P211-#6,photo_039.jpg,photo_040.jpg,photo_046.jpg,빈티지 오리지널,천연가죽,불명,-,-,-,-,photo_039.jpg ~ photo_047.jpg (9장),item_1081695145771,vintage古着皮衣 商务休闲百搭款头层羊皮男士西服简约款外套P211
372,P217,photo_048.jpg,photo_049.jpg,photo_052.jpg,빈티지 오리지널,양가죽,불명,49,57,74,56,photo_048.jpg ~ photo_055.jpg (8장),item_1081695145771,vintage古着皮衣 商务休闲百搭款头层羊皮男士西服简约款外套P211
373,P218,photo_056.jpg,photo_057.jpg,photo_060.jpg,GIORDANO JEANS COMPANY,불명 (실측지에 '革'으로만 표기),불명,51,56,79,63,photo_056.jpg ~ photo_063.jpg (8장),item_1081695145771,vintage古着皮衣 商务休闲百搭款头层羊皮男士西服简约款外套P211
374,P219,photo_064.jpg,photo_065.jpg,photo_068.jpg,JACKER'S,양가죽,불명,41,52,73,62,photo_064.jpg ~ photo_071.jpg (8장),item_1081695145771,vintage古着皮衣 商务休闲百搭款头层羊皮男士西服简约款外套P211
375,P220,photo_072.jpg,photo_073.jpg,photo_076.jpg,GIONARD (modern.simple.active),"가죽 (실측카드 '革' 표기, 상세 가죽 종류 미표기)",미표기 (라벨상 원산지 확인 불가),47,51,73,60,photo_072.jpg ~ photo_079.jpg (8장),item_1081695145771,vintage古着皮衣 商务休闲百搭款头层羊皮男士西服简约款外套P211
376,P221,photo_080.jpg,photo_081.jpg,photo_084.jpg,GIOIELLO,양가죽,불명,46,50,65,58,photo_080.jpg ~ photo_087.jpg (8장),item_1081695145771,vintage古着皮衣 商务休闲百搭款头层羊皮男士西服简约款外套P211
377,P222,photo_088.jpg,photo_089.jpg,photo_094.jpg,LESJOURS,양가죽,불명,47,55,76,66,photo_088.jpg ~ photo_095.jpg (8장),item_1081695145771,vintage古着皮衣 商务休闲百搭款头层羊皮男士西服简约款外套P211
378,P223,photo_096.jpg,photo_097.jpg,photo_103.jpg,LANOCCI,양가죽 (羊皮 / Sheep Leather),판독 불가 (라벨·카드에 원산지 미표기),49,110,75,62,photo_096.jpg ~ photo_104.jpg (9장),item_1081695145771,vintage古着皮衣 商务休闲百搭款头层羊皮男士西服简约款外套P211
379,P224,photo_105.jpg,photo_106.jpg,photo_110.jpg,빈티지 오리지널,양가죽,불명,45,52,70,62,photo_105.jpg ~ photo_111.jpg (7장),item_1081695145771,vintage古着皮衣 商务休闲百搭款头层羊皮男士西服简约款外套P211
380,P225,photo_112.jpg,photo_113.jpg,photo_119.jpg,빈티지 오리지널,양가죽,불명,46,52,71,60,photo_112.jpg ~ photo_120.jpg (9장),item_1081695145771,vintage古着皮衣 商务休闲百搭款头层羊皮男士西服简约款外套P211
381,P226,photo_121.jpg,photo_122.jpg,photo_125.jpg,FREYA,羊皮 (양가죽),불명,49,54,72,59,photo_121.jpg ~ photo_128.jpg (8장),item_1081695145771,vintage古着皮衣 商务休闲百搭款头层羊皮男士西服简约款外套P211
382,P227,photo_129.jpg,photo_130.jpg,photo_133.jpg,SOPRANO,양가죽,이탈리아,47,55,70,62,photo_129.jpg ~ photo_136.jpg (8장),item_1081695145771,vintage古着皮衣 商务休闲百搭款头层羊皮男士西服简约款外套P211
383,P228,photo_137.jpg,photo_138.jpg,photo_142.jpg,빈티지 오리지널 (무명),양가죽 (羊皮),불명,47,54,73,63,photo_137.jpg ~ photo_143.jpg (7장),item_1081695145771,vintage古着皮衣 商务休闲百搭款头层羊皮男士西服简约款外套P211
384,P229,photo_144.jpg,photo_145.jpg,photo_148.jpg,빈티지 오리지널,양가죽,불명,41,53,70,55,photo_144.jpg ~ photo_150.jpg (7장),item_1081695145771,vintage古着皮衣 商务休闲百搭款头层羊皮男士西服简约款外套P211
385,P236,photo_151.jpg,photo_152.jpg,photo_155.jpg,빈티지 오리지널,양가죽,불명,49,54,72,62,photo_151.jpg ~ photo_157.jpg (7장),item_1081695145771,vintage古着皮衣 商务休闲百搭款头层羊皮男士西服简约款外套P211
386,P231,photo_158.jpg,photo_159.jpg,photo_161.jpg,Gwenoid's,양가죽,불명,49,56,72,64,photo_158.jpg ~ photo_165.jpg (8장),item_1081695145771,vintage古着皮衣 商务休闲百搭款头层羊皮男士西服简约款外套P211
387,P232,photo_166.jpg,photo_167.jpg,photo_170.jpg,Raboem,양가죽,불명,50,57,73,60,photo_166.jpg ~ photo_173.jpg (8장),item_1081695145771,vintage古着皮衣 商务休闲百搭款头层羊皮男士西服简约款外套P211
388,P233,photo_174.jpg,photo_175.jpg,photo_179.jpg,판독 불가 (목 라벨 텍스트 식별 불가),양가죽 (羊皮),미상 (라벨 판독 불가),51,55,69,60,photo_174.jpg ~ photo_180.jpg (7장),item_1081695145771,vintage古着皮衣 商务休闲百搭款头层羊皮男士西服简约款外套P211
389,P234,photo_181.jpg,photo_182.jpg,photo_185.jpg,FRJEANS CLASSIC HOMME,양가죽 (羊皮),미상 (라벨/실측카드에 원산지 미표기),48,53,74,62,photo_181.jpg ~ photo_188.jpg (8장),item_1081695145771,vintage古着皮衣 商务休闲百搭款头层羊皮男士西服简约款外套P211
390,P235,photo_189.jpg,photo_190.jpg,photo_193.jpg,SOLLOI,양가죽,불명,47,57,74,64,photo_189.jpg ~ photo_195.jpg (7장),item_1081695145771,vintage古着皮衣 商务休闲百搭款头层羊皮男士西服简约款外套P211
391,P 236,photo_196.jpg,photo_197.jpg,photo_202.jpg,빈티지 오리지널 (무명),양가죽,불명,48,53,75,63,photo_196.jpg ~ photo_203.jpg (8장),item_1081695145771,vintage古着皮衣 商务休闲百搭款头层羊皮男士西服简约款外套P211
392,P237,photo_204.jpg,photo_205.jpg,photo_208.jpg,SK Silk Fashion,양가죽 (羊皮 / Sheep Leather),미상 (라벨에 원산지 표기 없음),38,"53 (x2, 단면 실측)",71,60,photo_204.jpg ~ photo_210.jpg (7장),item_1081695145771,vintage古着皮衣 商务休闲百搭款头层羊皮男士西服简约款外套P211
393,P238,photo_211.jpg,photo_212.jpg,photo_214.jpg,빈티지 오리지널 (무명),양가죽 (羊皮),불명,49,56,70,66,photo_211.jpg ~ photo_218.jpg (8장),item_1081695145771,vintage古着皮衣 商务休闲百搭款头层羊皮男士西服简约款外套P211
394,P239,photo_219.jpg,photo_220.jpg,photo_223.jpg,FRJEANS CLASSIC HOMME,"양가죽(羊皮, Sheep/Lamb Leather)",미상 (라벨에 제조국 표기 없음),48,53,73,62,photo_219.jpg ~ photo_226.jpg (8장),item_1081695145771,vintage古着皮衣 商务休闲百搭款头层羊皮男士西服简约款外套P211
395,P240,photo_227.jpg,photo_228.jpg,photo_234.jpg,Soleil,양가죽,불명,48,51,69,62,photo_227.jpg ~ photo_235.jpg (9장),item_1081695145771,vintage古着皮衣 商务休闲百搭款头层羊皮男士西服简约款外套P211
396,V100,photo_002.jpg,photo_003.jpg,photo_008.jpg,Vanson Leathers,"천연가죽 (실측카드 표기 '皮', 세부 가죽 종류 미표기)","미국 (MADE IN USA, Boston Mass.)",44,49,57,58,photo_002.jpg ~ photo_013.jpg (12장),item_1081834756981,vintage古着皮衣 复古美式短款拉链款机车服皮夹克摩托车外套V100
397,V154-#1,photo_002.jpg,photo_003.jpg,photo_012.jpg,빈티지 오리지널,천연가죽,불명,-,-,-,-,photo_002.jpg ~ photo_013.jpg (12장),item_1082717808296,vintage古着皮衣 复古机车风美式经典皮夹克头层牛皮外套男士V154
398,P306,photo_002.jpg,photo_003.jpg,photo_006.jpg,GIO-BERTI,양가죽,불명,45,50,72,62,photo_002.jpg ~ photo_009.jpg (8장),item_1083932831050,vintage古着皮衣 商务休闲百搭款头层牛皮男士西服简约款外套P306
399,P307,photo_010.jpg,photo_011.jpg,photo_014.jpg,SEAHOP CLUB,소가죽 (牛皮 / Cowhide),확인불가 (라벨상 원산지 표기 없음),46,53,70,58,photo_010.jpg ~ photo_017.jpg (8장),item_1083932831050,vintage古着皮衣 商务休闲百搭款头层牛皮男士西服简约款外套P306
400,P308,photo_018.jpg,photo_019.jpg,photo_022.jpg,빈티지 오리지널 (무명),소가죽 (牛皮),판독 불가,44,52,69,59,photo_018.jpg ~ photo_023.jpg (6장),item_1083932831050,vintage古着皮衣 商务休闲百搭款头层牛皮男士西服简约款外套P306
401,P309,photo_024.jpg,photo_025.jpg,photo_028.jpg,D'HOMME AMME,가죽,일본,51,59,74,61,photo_024.jpg ~ photo_031.jpg (8장),item_1083932831050,vintage古着皮衣 商务休闲百搭款头层牛皮男士西服简约款外套P306
402,P36,photo_032.jpg,photo_033.jpg,photo_035.jpg,빈티지 오리지널 (무명),소가죽 (牛皮),불명,48,52,71,59,photo_032.jpg ~ photo_036.jpg (5장),item_1083932831050,vintage古着皮衣 商务休闲百搭款头层牛皮男士西服简约款外套P306
403,P311,photo_037.jpg,photo_038.jpg,photo_041.jpg,SEAHOP CLUB,소가죽 (牛皮),알 수 없음,48,61,72,59,photo_037.jpg ~ photo_044.jpg (8장),item_1083932831050,vintage古着皮衣 商务休闲百搭款头层牛皮男士西服简约款外套P306
404,P312,photo_045.jpg,photo_046.jpg,photo_049.jpg,빈티지 오리지널,가죽(종류 미상),불명,46,51,75,61,photo_045.jpg ~ photo_052.jpg (8장),item_1083932831050,vintage古着皮衣 商务休闲百搭款头层牛皮男士西服简约款外套P306
405,P313,photo_053.jpg,photo_054.jpg,photo_058.jpg,"판독 불가 (라벨 육안 식별 불가, 브랜드명 미상)",소가죽 (牛皮),미표기 (판독 불가),46,57,76,62,photo_053.jpg ~ photo_059.jpg (7장),item_1083932831050,vintage古着皮衣 商务休闲百搭款头层牛皮男士西服简约款外套P306
406,P314,photo_060.jpg,photo_061.jpg,photo_064.jpg,F.WORLD,천연가죽,불명,47,50,71,55,photo_060.jpg ~ photo_067.jpg (8장),item_1083932831050,vintage古着皮衣 商务休闲百搭款头层牛皮男士西服简约款外套P306
407,P315,photo_068.jpg,photo_069.jpg,photo_072.jpg,빈티지 오리지널,소가죽,불명,41,50,73,60,photo_068.jpg ~ photo_074.jpg (7장),item_1083932831050,vintage古着皮衣 商务休闲百搭款头层牛皮男士西服简约款外套P306
408,P316,photo_075.jpg,photo_076.jpg,photo_079.jpg,ROYAL LEATHER (Splendid 태그 동봉),牛皮 (소가죽),미확인 (라벨/카드에 표기 없음),45,52,73,56,photo_075.jpg ~ photo_081.jpg (7장),item_1083932831050,vintage古着皮衣 商务休闲百搭款头层牛皮男士西服简约款外套P306
409,P317,photo_082.jpg,photo_083.jpg,photo_088.jpg,빈티지 오리지널 (무명),소가죽 (牛皮),판독 불가 (라벨에 제조국 표기 확인 안 됨),44,50,70,55,photo_082.jpg ~ photo_089.jpg (8장),item_1083932831050,vintage古着皮衣 商务休闲百搭款头层牛皮男士西服简约款外套P306
410,P321,photo_090.jpg,photo_091.jpg,photo_093.jpg,빈티지 오리지널 (무명),牛皮,확인 불가,50,54,72,58,photo_090.jpg ~ photo_096.jpg (7장),item_1083932831050,vintage古着皮衣 商务休闲百搭款头层牛皮男士西服简约款外套P306
411,P322,photo_097.jpg,photo_098.jpg,photo_101.jpg,KIM JONG,불명 (실측지에 '皮'로만 표기),불명,46,52,71,63,photo_097.jpg ~ photo_104.jpg (8장),item_1083932831050,vintage古着皮衣 商务休闲百搭款头层牛皮男士西服简约款外套P306
412,P323,photo_105.jpg,photo_106.jpg,photo_110.jpg,빈티지 오리지널 (무명),양가죽,판독 불가,49,55,70,60,photo_105.jpg ~ photo_111.jpg (7장),item_1083932831050,vintage古着皮衣 商务休闲百搭款头层牛皮男士西服简约款外套P306
413,P324,photo_112.jpg,photo_113.jpg,photo_116.jpg,빈티지 오리지널,소가죽,불명,46,52,77,63,photo_112.jpg ~ photo_118.jpg (7장),item_1083932831050,vintage古着皮衣 商务休闲百搭款头层牛皮男士西服简约款外套P306
414,P325,photo_119.jpg,photo_120.jpg,photo_123.jpg,Jacker's,소가죽 (牛皮),미상 (라벨 내 원산지 표기 없음 / 일본 도메스틱 브랜드 추정),47,57,71,60,photo_119.jpg ~ photo_126.jpg (8장),item_1083932831050,vintage古着皮衣 商务休闲百搭款头层牛皮男士西服简约款外套P306
415,P326,photo_127.jpg,photo_128.jpg,photo_131.jpg,빈티지 오리지널 (무명),소가죽 (牛皮),한국 (Korea),47,52,72,61,photo_127.jpg ~ photo_133.jpg (7장),item_1083932831050,vintage古着皮衣 商务休闲百搭款头层牛皮男士西服简约款外套P306
416,P327,photo_134.jpg,photo_135.jpg,photo_138.jpg,KUM KANG,소가죽,한국,48,57,76,63,photo_134.jpg ~ photo_141.jpg (8장),item_1083932831050,vintage古着皮衣 商务休闲百搭款头层牛皮男士西服简约款外套P306
417,P328,photo_142.jpg,photo_143.jpg,photo_146.jpg,KEO SAN APPAREL,소가죽 (牛皮),미상 (라벨에 원산지 표기 없음),48,56,75,63,photo_142.jpg ~ photo_149.jpg (8장),item_1083932831050,vintage古着皮衣 商务休闲百搭款头层牛皮男士西服简约款外套P306
418,P329,photo_150.jpg,photo_151.jpg,photo_154.jpg,빈티지 오리지널 (무명),"소가죽 (牛皮, 겉감: 소가죽 / 안감: 폴리에스텔 100%)",한국 (한국어 품질표시 라벨 기준 추정),47,100 (단면 50 x 2),70,61,photo_150.jpg ~ photo_156.jpg (7장),item_1083932831050,vintage古着皮衣 商务休闲百搭款头层牛皮男士西服简约款外套P306
419,P330,photo_157.jpg,photo_158.jpg,photo_160.jpg,빈티지 오리지널 (무명),소가죽 (牛皮),불명,46,50,72,59,photo_157.jpg ~ photo_164.jpg (8장),item_1083932831050,vintage古着皮衣 商务休闲百搭款头层牛皮男士西服简约款外套P306
420,X181,photo_002.jpg,photo_003.jpg,photo_009.jpg,빈티지 오리지널 (무명),양가죽 (羊皮),미상,54,67,75,66,photo_002.jpg ~ photo_010.jpg (9장),item_1084999935366,vintage古着皮衣 男士修身机车款头层绵羊皮真皮外套时尚夹克X181
421,X182,photo_011.jpg,photo_012.jpg,photo_015.jpg,Christian Sian,양가죽 (羊皮),미확인,47,58,66,62,photo_011.jpg ~ photo_018.jpg (8장),item_1084999935366,vintage古着皮衣 男士修身机车款头层绵羊皮真皮外套时尚夹克X181
422,X183,photo_019.jpg,photo_020.jpg,photo_025.jpg,AMERICAN,羊皮,Unknown,49,58,66,63,photo_019.jpg ~ photo_026.jpg (8장),item_1084999935366,vintage古着皮衣 男士修身机车款头层绵羊皮真皮外套时尚夹克X181
423,X184,photo_027.jpg,photo_028.jpg,photo_031.jpg,ZIOZIA,염소가죽 (山羊皮 / Goat Leather),대한민국 (ZIOZIA / 한국 브랜드),49,57,64,63,photo_027.jpg ~ photo_033.jpg (7장),item_1084999935366,vintage古着皮衣 男士修身机车款头层绵羊皮真皮外套时尚夹克X181
424,X185,photo_034.jpg,photo_035.jpg,photo_038.jpg,KENNETH COLE new york,羊皮 (Sheep Leather),인도 (Made in India),46,55,63,66,photo_034.jpg ~ photo_041.jpg (8장),item_1084999935366,vintage古着皮衣 男士修身机车款头层绵羊皮真皮外套时尚夹克X181
425,X186,photo_042.jpg,photo_043.jpg,photo_046.jpg,XESS,양가죽,미상,47,54,65,60,photo_042.jpg ~ photo_049.jpg (8장),item_1084999935366,vintage古着皮衣 男士修身机车款头层绵羊皮真皮外套时尚夹克X181
426,X187,photo_050.jpg,photo_051.jpg,photo_056.jpg,GV2,양가죽 (羊皮 / Sheep Leather),미확인 (라벨상 원산지 표기 없음),49,58,67,65.0,photo_050.jpg ~ photo_057.jpg (8장),item_1084999935366,vintage古着皮衣 男士修身机车款头层绵羊皮真皮外套时尚夹克X181
427,X188,photo_058.jpg,photo_059.jpg,photo_062.jpg,Rothschild (italy),皮 (레더/가죽),이탈리아 (Italy),49,60,70,63,photo_058.jpg ~ photo_065.jpg (8장),item_1084999935366,vintage古着皮衣 男士修身机车款头层绵羊皮真皮外套时尚夹克X181
428,X189,photo_066.jpg,photo_067.jpg,photo_070.jpg,빈티지 오리지널 (무명),양가죽 (羊皮),미상,49,60,69,62,photo_066.jpg ~ photo_072.jpg (7장),item_1084999935366,vintage古着皮衣 男士修身机车款头层绵羊皮真皮外套时尚夹克X181
429,X190,photo_073.jpg,photo_074.jpg,photo_077.jpg,L&B HOMME,羊皮 (양가죽/Sheep leather),미표기 (라벨상 제조국 확인 불가),51,61,80,64,photo_073.jpg ~ photo_080.jpg (8장),item_1084999935366,vintage古着皮衣 男士修身机车款头层绵羊皮真皮外套时尚夹克X181
430,X191,photo_081.jpg,photo_082.jpg,photo_087.jpg,빈티지 오리지널 (무명),양가죽 (羊皮),미확인,49,59,82,64,photo_081.jpg ~ photo_088.jpg (8장),item_1084999935366,vintage古着皮衣 男士修身机车款头层绵羊皮真皮外套时尚夹克X181
431,X192,photo_089.jpg,photo_090.jpg,photo_093.jpg,Ecrase,양가죽 (Sheep Leather),미상,51,58,68,60,photo_089.jpg ~ photo_095.jpg (7장),item_1084999935366,vintage古着皮衣 男士修身机车款头层绵羊皮真皮外套时尚夹克X181
432,X193,photo_096.jpg,photo_097.jpg,photo_100.jpg,Christian Sian (크리스찬 션),양가죽 (羊皮 / Sheep Leather),원산지 미표기 (한국 브랜드 라벨),48,57,74,65,photo_096.jpg ~ photo_103.jpg (8장),item_1084999935366,vintage古着皮衣 男士修身机车款头层绵羊皮真皮外套时尚夹克X181
433,X194,photo_104.jpg,photo_105.jpg,photo_108.jpg,GIOBERTI,양가죽 (羊皮),"이탈리아(추정, 라벨상 명시 없음)",49,60,73,59,photo_104.jpg ~ photo_111.jpg (8장),item_1084999935366,vintage古着皮衣 男士修身机车款头层绵羊皮真皮外套时尚夹克X181
434,X195,photo_112.jpg,photo_113.jpg,photo_118.jpg,빈티지 오리지널 (무명),소가죽 (牛皮),미상,51,59,72,60,photo_112.jpg ~ photo_119.jpg (8장),item_1084999935366,vintage古着皮衣 男士修身机车款头层绵羊皮真皮外套时尚夹克X181
435,X196,photo_120.jpg,photo_121.jpg,photo_124.jpg,빈티지 오리지널 (무명),"가죽 (革, 소가죽 추정)",확인 불가 (한국어 케어라벨),61,122,69,60,photo_120.jpg ~ photo_126.jpg (7장),item_1084999935366,vintage古着皮衣 男士修身机车款头层绵羊皮真皮外套时尚夹克X181
436,X197,photo_127.jpg,photo_128.jpg,photo_131.jpg,POSITANO (CLASSIC LIFE),"가죽 (革, 세부 종류 미표기)",확인불가 (라벨/실측카드에 원산지 표기 없음),51,63,68,63,photo_127.jpg ~ photo_134.jpg (8장),item_1084999935366,vintage古着皮衣 男士修身机车款头层绵羊皮真皮外套时尚夹克X181
437,X198,photo_135.jpg,photo_136.jpg,photo_139.jpg,GALAXY CASUAL,양가죽 (Sheep Leather),라벨 미표기 (확인 불가),48,57,71,54,photo_135.jpg ~ photo_141.jpg (7장),item_1084999935366,vintage古着皮衣 男士修身机车款头层绵羊皮真皮外套时尚夹克X181
438,X181-#19,photo_142.jpg,photo_143.jpg,photo_146.jpg,빈티지 오리지널,천연가죽,불명,-,-,-,-,photo_142.jpg ~ photo_148.jpg (7장),item_1084999935366,vintage古着皮衣 男士修身机车款头层绵羊皮真皮外套时尚夹克X181
439,X200,photo_149.jpg,photo_150.jpg,photo_153.jpg,빈티지 오리지널 (무명),양가죽 (羊皮),확인 불가,48,52,68,88,photo_149.jpg ~ photo_154.jpg (6장),item_1084999935366,vintage古着皮衣 男士修身机车款头层绵羊皮真皮外套时尚夹克X181
440,X201,photo_155.jpg,photo_156.jpg,photo_161.jpg,빈티지 오리지널 (무명),"양가죽 (羊皮, 다운 충전재)",미상 (원산지 표기 판독 불가),48,51,68,62,photo_155.jpg ~ photo_162.jpg (8장),item_1084999935366,vintage古着皮衣 男士修身机车款头层绵羊皮真皮外套时尚夹克X181
441,X202,photo_163.jpg,photo_164.jpg,photo_167.jpg,ZARA MAN,양가죽 (羊皮),터키 (MADE IN TURKEY),46,52,63,68,photo_163.jpg ~ photo_170.jpg (8장),item_1084999935366,vintage古着皮衣 男士修身机车款头层绵羊皮真皮外套时尚夹克X181
442,X203,photo_171.jpg,photo_172.jpg,photo_175.jpg,MAESTRO,양가죽 (羊皮 / Sheep Leather),판독 불가 (라벨에 원산지 표기 없음),48,58,74,60,photo_171.jpg ~ photo_178.jpg (8장),item_1084999935366,vintage古着皮衣 男士修身机车款头层绵羊皮真皮外套时尚夹克X181
443,X204,photo_179.jpg,photo_180.jpg,photo_183.jpg,빈티지 오리지널 (무명),양가죽,확인 불가,48,57,71,60,photo_179.jpg ~ photo_184.jpg (6장),item_1084999935366,vintage古着皮衣 男士修身机车款头层绵羊皮真皮外套时尚夹克X181
444,X205,photo_185.jpg,photo_186.jpg,photo_189.jpg,KIRKLAND Signature,羊皮 (Sheep leather),China (MADE IN CHINA),52,63,78,66,photo_185.jpg ~ photo_192.jpg (8장),item_1084999935366,vintage古着皮衣 男士修身机车款头层绵羊皮真皮外套时尚夹克X181
445,X206,photo_193.jpg,photo_194.jpg,photo_197.jpg,"O L (ITALY) — 목 라벨에 적색 필기체 'O L' 및 하단 'ITALY' 표기, 사이즈 택 'XXL'",羊皮 (양가죽/램스킨),"ITALY (라벨 표기 기준, 이탈리아)",53,64,74,65,photo_193.jpg ~ photo_200.jpg (8장),item_1084999935366,vintage古着皮衣 男士修身机车款头层绵羊皮真皮外套时尚夹克X181
446,X207,photo_201.jpg,photo_202.jpg,photo_207.jpg,빈티지 오리지널 (무명),양가죽,알 수 없음,51,60,70,60,photo_201.jpg ~ photo_208.jpg (8장),item_1084999935366,vintage古着皮衣 男士修身机车款头层绵羊皮真皮外套时尚夹克X181
447,X208,photo_209.jpg,photo_210.jpg,photo_215.jpg,"BSB4 19-58 (목 라벨 판독, 명확한 브랜드명 미표기)",양가죽 (羊皮),표기 없음 (확인 불가),51,59,73,62,photo_209.jpg ~ photo_216.jpg (8장),item_1084999935366,vintage古着皮衣 男士修身机车款头层绵羊皮真皮外套时尚夹克X181
448,X209,photo_217.jpg,photo_218.jpg,photo_221.jpg,ROBO TREND,"가죽 (천연가죽, 세부 종류 미표기)",미표기 (라벨에서 확인 불가),50,63,73,60,photo_217.jpg ~ photo_224.jpg (8장),item_1084999935366,vintage古着皮衣 男士修身机车款头层绵羊皮真皮外套时尚夹克X181
449,X210,photo_225.jpg,photo_226.jpg,photo_228.jpg,빈티지 오리지널 (무명),양가죽 (羊皮),미상,50,59,68,59,photo_225.jpg ~ photo_233.jpg (9장),item_1084999935366,vintage古着皮衣 男士修身机车款头层绵羊皮真皮外套时尚夹克X181
450,U181,photo_002.jpg,photo_003.jpg,photo_006.jpg,Firenche,羊皮,,47,57,64,60,photo_002.jpg ~ photo_009.jpg (8장),item_1085573664393,vintage古着皮衣 男士修身机车款头层绵羊皮真皮外套时尚夹克U181
451,U182,photo_010.jpg,photo_011.jpg,photo_014.jpg,UNIONBAY,Sheepskin (羊皮),USA,44,52,63,61,photo_010.jpg ~ photo_017.jpg (8장),item_1085573664393,vintage古着皮衣 男士修身机车款头层绵羊皮真皮外套时尚夹克U181
452,U183,photo_018.jpg,photo_019.jpg,photo_022.jpg,Posicano (POSICANO CLASSIC LIFE),양가죽 (羊皮),정보 없음 (라벨/카드에 원산지 표기 없음),47,53,63,60,photo_018.jpg ~ photo_025.jpg (8장),item_1085573664393,vintage古着皮衣 男士修身机车款头层绵羊皮真皮外套时尚夹克U181
453,U184,photo_026.jpg,photo_027.jpg,photo_030.jpg,Procyon (빠레승),羊皮 (양가죽/sheepskin),대한민국,46,55,64,61,photo_026.jpg ~ photo_033.jpg (8장),item_1085573664393,vintage古着皮衣 男士修身机车款头层绵羊皮真皮外套时尚夹克U181
454,U185,photo_034.jpg,photo_035.jpg,photo_038.jpg,ALLEN JOLLY COLLECTION,羊皮 (양가죽/램스킨),확인 불가 (라벨에 원산지 표기 없음),48,54,64,59,photo_034.jpg ~ photo_041.jpg (8장),item_1085573664393,vintage古着皮衣 男士修身机车款头层绵羊皮真皮外套时尚夹克U181
455,U186,photo_042.jpg,photo_043.jpg,photo_046.jpg,SCHILLACI,羊皮,未标注,46,52,67,53,photo_042.jpg ~ photo_049.jpg (8장),item_1085573664393,vintage古着皮衣 男士修身机车款头层绵羊皮真皮外套时尚夹克U181
456,U187,photo_050.jpg,photo_051.jpg,photo_056.jpg,판독 불가 (로고만 있는 상표 라벨),양가죽 (羊皮),미상 (원산지 표기 없음),48,57,66,60,photo_050.jpg ~ photo_057.jpg (8장),item_1085573664393,vintage古着皮衣 男士修身机车款头层绵羊皮真皮外套时尚夹克U181
457,U188,photo_058.jpg,photo_059.jpg,photo_062.jpg,CRASIVO (LEATHER COLLECTION),양가죽 (羊皮),확인불가 (라벨상 원산지 표기 없음),48,54,65,63,photo_058.jpg ~ photo_065.jpg (8장),item_1085573664393,vintage古着皮衣 男士修身机车款头层绵羊皮真皮外套时尚夹克U181
458,U189,photo_066.jpg,photo_067.jpg,photo_070.jpg,SORDOPA,양가죽 (羊皮),확인 불가 (라벨에 원산지 미표기),48,57,69,63,photo_066.jpg ~ photo_073.jpg (8장),item_1085573664393,vintage古着皮衣 男士修身机车款头层绵羊皮真皮外套时尚夹克U181
459,U181-#10,photo_074.jpg,photo_075.jpg,photo_079.jpg,빈티지 오리지널,천연가죽,불명,-,-,-,-,photo_074.jpg ~ photo_080.jpg (7장),item_1085573664393,vintage古着皮衣 男士修身机车款头层绵羊皮真皮外套时尚夹克U181
460,U191,photo_081.jpg,photo_082.jpg,photo_085.jpg,Jin Young,양가죽,미상,50,57,66,60,photo_081.jpg ~ photo_088.jpg (8장),item_1085573664393,vintage古着皮衣 男士修身机车款头层绵羊皮真皮外套时尚夹克U181
461,U192,photo_089.jpg,photo_090.jpg,photo_093.jpg,HYUN DAI FASHION,양가죽 (羊皮),미상,47,56,68,62,photo_089.jpg ~ photo_096.jpg (8장),item_1085573664393,vintage古着皮衣 男士修身机车款头层绵羊皮真皮外套时尚夹克U181
462,V193,photo_097.jpg,photo_098.jpg,photo_104.jpg,STEEN,羊皮 (양가죽/램스킨),판독 불가 (사진상 원산지 표기 없음),46,54,65,63,photo_097.jpg ~ photo_105.jpg (9장),item_1085573664393,vintage古着皮衣 男士修身机车款头层绵羊皮真皮外套时尚夹克U181
463,U194,photo_106.jpg,photo_107.jpg,photo_110.jpg,GoldenCalf,羊皮 (양가죽),확인불가 (라벨상 원산지 표기 없음),46,54,65,55,photo_106.jpg ~ photo_113.jpg (8장),item_1085573664393,vintage古着皮衣 男士修身机车款头层绵羊皮真皮外套时尚夹克U181
464,U195,photo_114.jpg,photo_115.jpg,photo_121.jpg,빈티지 오리지널 (무명),양가죽 (羊皮 / Sheep Leather),미상 (라벨 판독 불가),47,56,68,58,photo_114.jpg ~ photo_122.jpg (9장),item_1085573664393,vintage古着皮衣 男士修身机车款头层绵羊皮真皮外套时尚夹克U181
465,U196,photo_123.jpg,photo_124.jpg,photo_127.jpg,Dayson,羊皮 (Sheepskin),MADE IN KOREA (대한민국),48,57,68,61,photo_123.jpg ~ photo_130.jpg (8장),item_1085573664393,vintage古着皮衣 男士修身机车款头层绵羊皮真皮外套时尚夹克U181
466,U197,photo_131.jpg,photo_132.jpg,photo_137.jpg,"판독 불가 (라벨 육안 식별 불가, 금색 테두리 사각 라벨)","양가죽 (羊皮, Sheep Leather)",미상 (라벨/택에 원산지 표기 확인 불가),47,54,67,61,photo_131.jpg ~ photo_138.jpg (8장),item_1085573664393,vintage古着皮衣 男士修身机车款头层绵羊皮真皮外套时尚夹克U181
467,U198,photo_139.jpg,photo_140.jpg,photo_145.jpg,판독 불가 (목 라벨 사진이 흐려 브랜드명 식별 불가 / 무명 빈티지 가능성),"소가죽 (牛皮, 카드 기재)",판독 불가 (원산지 표기 확인되지 않음),53,61 (단면 x2 = 122),69,55,photo_139.jpg ~ photo_146.jpg (8장),item_1085573664393,vintage古着皮衣 男士修身机车款头层绵羊皮真皮外套时尚夹克U181
468,U199,photo_147.jpg,photo_148.jpg,photo_162.jpg,빈티지 오리지널 (무명),양가죽 (羊皮),미상 (라벨 식별 불가),48,56,62,64,photo_147.jpg ~ photo_163.jpg (17장),item_1085573664393,vintage古着皮衣 男士修身机车款头层绵羊皮真皮外套时尚夹克U181
469,U501,photo_002.jpg,photo_003.jpg,photo_007.jpg,Zimmert (LEDERMODEN),羊皮 (램스킨/양가죽),독일 (Germany),55,65,79,59,photo_002.jpg ~ photo_011.jpg (10장),item_1087260796249,vintage古着皮衣 美式中古猎装工装中长款外套户外皮复古风衣U501
470,U502,photo_012.jpg,photo_013.jpg,photo_018.jpg,Bell Maxim,양가죽 (羊皮),미상,38,63,83,80,photo_012.jpg ~ photo_020.jpg (9장),item_1087260796249,vintage古着皮衣 美式中古猎装工装中长款外套户外皮复古风衣U501
471,U501-#3,photo_021.jpg,photo_022.jpg,photo_027.jpg,빈티지 오리지널,천연가죽,불명,-,-,-,-,photo_021.jpg ~ photo_030.jpg (10장),item_1087260796249,vintage古着皮衣 美式中古猎装工装中长款外套户外皮复古风衣U501
472,U504,photo_031.jpg,photo_032.jpg,photo_037.jpg,RONSON,羊皮 (Sheep Leather),MADE IN KOREA (Leather: Made in France),58,61,83,56,photo_031.jpg ~ photo_040.jpg (10장),item_1087260796249,vintage古着皮衣 美式中古猎装工装中长款外套户外皮复古风衣U501
473,U505,photo_041.jpg,photo_042.jpg,photo_047.jpg,London Fog,"돼지가죽 (猪皮, 실측카드 '面料: 猪' 기재)",미표기 (라벨상 Essess Fashion / Seoul 유통 · LONDONTOWN CORPORATION 상표),34,61,82,58,photo_041.jpg ~ photo_051.jpg (11장),item_1087260796249,vintage古着皮衣 美式中古猎装工装中长款外套户外皮复古风衣U501
474,U506,photo_052.jpg,photo_053.jpg,photo_060.jpg,빈티지 오리지널 (무명),양가죽 (羊皮 / Sheepskin),미상 (라벨 판독 불가),58,61,87,58,photo_052.jpg ~ photo_061.jpg (10장),item_1087260796249,vintage古着皮衣 美式中古猎装工装中长款外套户外皮复古风衣U501
475,U507,photo_062.jpg,photo_063.jpg,photo_065.jpg,빈티지 오리지널 (무명),가죽 (革),미상,54,65,84,55,photo_062.jpg ~ photo_071.jpg (10장),item_1087260796249,vintage古着皮衣 美式中古猎装工装中长款外套户外皮复古风衣U501
476,U501-#8,photo_072.jpg,photo_073.jpg,photo_078.jpg,빈티지 오리지널,천연가죽,불명,-,-,-,-,photo_072.jpg ~ photo_082.jpg (11장),item_1087260796249,vintage古着皮衣 美式中古猎装工装中长款外套户外皮复古风衣U501
477,U509,photo_083.jpg,photo_084.jpg,photo_091.jpg,빈티지 오리지널 (무명),羊皮 (양가죽 / Sheep Leather),미상 (라벨에 제조국 표기 없음),54,60,78,56,photo_083.jpg ~ photo_092.jpg (10장),item_1087260796249,vintage古着皮衣 美式中古猎装工装中长款外套户外皮复古风衣U501
478,U510,photo_093.jpg,photo_094.jpg,photo_102.jpg,빈티지 오리지널 (무명),양가죽 (羊皮),미상,51,63,84,60,photo_093.jpg ~ photo_103.jpg (11장),item_1087260796249,vintage古着皮衣 美式中古猎装工装中长款外套户外皮复古风衣U501
479,U501-#11,photo_104.jpg,photo_105.jpg,photo_110.jpg,빈티지 오리지널,천연가죽,불명,-,-,-,-,photo_104.jpg ~ photo_114.jpg (11장),item_1087260796249,vintage古着皮衣 美式中古猎装工装中长款外套户外皮复古风衣U501
480,U501-#12,photo_115.jpg,photo_116.jpg,photo_121.jpg,빈티지 오리지널,천연가죽,불명,-,-,-,-,photo_115.jpg ~ photo_124.jpg (10장),item_1087260796249,vintage古着皮衣 美式中古猎装工装中长款外套户外皮复古风衣U501
481,V514,photo_125.jpg,photo_126.jpg,photo_128.jpg,빈티지 오리지널 (무명),가죽 (革),알 수 없음,52,60,83,57,photo_125.jpg ~ photo_135.jpg (11장),item_1087260796249,vintage古着皮衣 美式中古猎装工装中长款外套户外皮复古风衣U501
482,V515,photo_136.jpg,photo_137.jpg,photo_145.jpg,Schott,양가죽,미국,61,66,80,55,photo_136.jpg ~ photo_146.jpg (11장),item_1087260796249,vintage古着皮衣 美式中古猎装工装中长款外套户外皮复古风衣U501
483,U516,photo_147.jpg,photo_148.jpg,photo_153.jpg,Square Circle Club (MODEL AUTHENTIC 1956 SELECTION / COLLECTION / WORLD OF TOP BRAND),羊皮 (양가죽 / 램스킨·시프 레더),라벨 미표기 (확인 불가),"连肩 (레이글란 소매, 어깨 실측 없음)",62,90,79,photo_147.jpg ~ photo_156.jpg (10장),item_1087260796249,vintage古着皮衣 美式中古猎装工装中长款外套户外皮复古风衣U501
484,V517,photo_157.jpg,photo_158.jpg,photo_163.jpg,VARIO MAX,羊皮 (Lamb Leather),이탈리아 (Italy),54,64,80,58,photo_157.jpg ~ photo_167.jpg (11장),item_1087260796249,vintage古着皮衣 美式中古猎装工装中长款外套户外皮复古风衣U501
485,V518,photo_168.jpg,photo_169.jpg,photo_174.jpg,VIA NUOVA PELLE,羊皮 (Sheep/Lamb Leather),이탈리아 (Italy),57,62,83,61,photo_168.jpg ~ photo_178.jpg (11장),item_1087260796249,vintage古着皮衣 美式中古猎装工装中长款外套户外皮复古风衣U501
486,U519,photo_179.jpg,photo_180.jpg,photo_185.jpg,MEN'S ROBO,羊皮 (sheep leather),확인불가 (사진상 원산지 표기 없음),"连肩 (raglan, 측정불가)",61,81,66,photo_179.jpg ~ photo_189.jpg (11장),item_1087260796249,vintage古着皮衣 美式中古猎装工装中长款外套户外皮复古风衣U501
487,U520,photo_190.jpg,photo_191.jpg,photo_199.jpg,R.R,"소가죽 (양피 아님, 표기: 皮)",미상 (라벨 내 제조국 표기 판독 불가),44,54,75,69,photo_190.jpg ~ photo_200.jpg (11장),item_1087260796249,vintage古着皮衣 美式中古猎装工装中长款外套户外皮复古风衣U501
488,V521,photo_201.jpg,photo_202.jpg,photo_207.jpg,GREENGATES,양가죽 (羊皮),일본,52,62,83,64,photo_201.jpg ~ photo_210.jpg (10장),item_1087260796249,vintage古着皮衣 美式中古猎装工装中长款外套户外皮复古风衣U501
489,U501-#21,photo_211.jpg,photo_212.jpg,photo_220.jpg,빈티지 오리지널,천연가죽,불명,-,-,-,-,photo_211.jpg ~ photo_221.jpg (11장),item_1087260796249,vintage古着皮衣 美式中古猎装工装中长款外套户外皮复古风衣U501
490,U524,photo_222.jpg,photo_223.jpg,photo_228.jpg,LA GIOOCONDA (FIRENZE ITALY),양가죽 (羊皮),이탈리아 (FIRENZE ITALY),"连肩 (래글런 소매, 실측치 없음)",64,81,78,photo_222.jpg ~ photo_232.jpg (11장),item_1087260796249,vintage古着皮衣 美式中古猎装工装中长款外套户外皮复古风衣U501
491,91,photo_003.jpg,photo_004.jpg,photo_007.jpg,RUPERT,"미확인 (라벨에 소재 표기 없음, 사진상 스웨이드/가죽 소재)",미확인 (일본 브랜드 RUPERT로 추정),41,42 (실측카드 胸围x2 기재값),70,61,photo_003.jpg ~ photo_009.jpg (7장),item_811036195091,vintage古着 复古麂皮绒西装夹克商务西服休闲单排扣外套男女AC91
492,C91-#2,photo_010.jpg,photo_011.jpg,photo_014.jpg,빈티지 오리지널,천연가죽,불명,-,-,-,-,photo_010.jpg ~ photo_016.jpg (7장),item_811036195091,vintage古着 复古麂皮绒西装夹克商务西服休闲单排扣外套男女AC91
493,C91-#3,photo_017.jpg,photo_018.jpg,photo_022.jpg,빈티지 오리지널,천연가죽,불명,-,-,-,-,photo_017.jpg ~ photo_023.jpg (7장),item_811036195091,vintage古着 复古麂皮绒西装夹克商务西服休闲单排扣外套男女AC91
494,94,photo_024.jpg,photo_025.jpg,photo_028.jpg,dully,천연가죽,불명,37,47,44,57,photo_024.jpg ~ photo_031.jpg (8장),item_811036195091,vintage古着 复古麂皮绒西装夹克商务西服休闲单排扣外套男女AC91
495,96,photo_032.jpg,photo_033.jpg,photo_039.jpg,빈티지 오리지널,천연가죽,불명,46,56,54,53,photo_032.jpg ~ photo_040.jpg (9장),item_811036195091,vintage古着 复古麂皮绒西装夹克商务西服休闲单排扣外套男女AC91
496,C91-#6,photo_041.jpg,photo_042.jpg,photo_045.jpg,빈티지 오리지널,천연가죽,불명,-,-,-,-,photo_041.jpg ~ photo_049.jpg (9장),item_811036195091,vintage古着 复古麂皮绒西装夹克商务西服休闲单排扣外套男女AC91
497,98,photo_050.jpg,photo_051.jpg,photo_054.jpg,Semifa,미표기 (라벨/실측카드에 소재 정보 없음),미표기 (제조국 정보 없음),52,59,69,62,photo_050.jpg ~ photo_057.jpg (8장),item_811036195091,vintage古着 复古麂皮绒西装夹克商务西服休闲单排扣外套男女AC91
498,C91-#8,photo_058.jpg,photo_059.jpg,photo_064.jpg,빈티지 오리지널,천연가죽,불명,-,-,-,-,photo_058.jpg ~ photo_065.jpg (8장),item_811036195091,vintage古着 复古麂皮绒西装夹克商务西服休闲单排扣外套男女AC91
499,C91-#9,photo_066.jpg,photo_067.jpg,photo_074.jpg,빈티지 오리지널,천연가죽,불명,-,-,-,-,photo_066.jpg ~ photo_075.jpg (10장),item_811036195091,vintage古着 复古麂皮绒西装夹克商务西服休闲单排扣外套男女AC91
500,101,photo_076.jpg,photo_077.jpg,photo_082.jpg,빈티지 오리지널 (무명),판독 불가 (사진상 가죽 여부 확인 불가),판독 불가,49,60,77,65,photo_076.jpg ~ photo_083.jpg (8장),item_811036195091,vintage古着 复古麂皮绒西装夹克商务西服休闲单排扣外套男女AC91
501,102,photo_084.jpg,photo_085.jpg,photo_088.jpg,INDIAN (RETURN TO NATURE),"미상 (사진상 스웨이드/가죽 소재로 추정, 실측카드 '面料' 항목 기재 없음)",미상 (라벨에 제조국 표기 판독 불가),46,58,76,62,photo_084.jpg ~ photo_090.jpg (7장),item_811036195091,vintage古着 复古麂皮绒西装夹克商务西服休闲单排扣外套男女AC91
502,103,photo_091.jpg,photo_092.jpg,photo_095.jpg,ARMADA,스웨이드 가죽 (Suede),일본 (추정),49,58,77,65,photo_091.jpg ~ photo_097.jpg (7장),item_811036195091,vintage古着 复古麂皮绒西装夹克商务西服休闲单排扣外套男女AC91
503,104,photo_098.jpg,photo_099.jpg,photo_102.jpg,AUSTIN REED (1900),스웨이드 가죽 (소가죽 추정),"라벨 미표기 (확인 불가, 영국 브랜드)",46,56,76,63,photo_098.jpg ~ photo_104.jpg (7장),item_811036195091,vintage古着 复古麂皮绒西装夹克商务西服休闲单排扣外套男女AC91
504,105,photo_105.jpg,photo_106.jpg,photo_109.jpg,Diamante,미상 (스웨이드/가죽 추정),불명,46,51,73,60,photo_105.jpg ~ photo_111.jpg (7장),item_811036195091,vintage古着 复古麂皮绒西装夹克商务西服休闲单排扣外套男女AC91
505,C91-#15,photo_112.jpg,photo_113.jpg,photo_119.jpg,빈티지 오리지널,천연가죽,불명,-,-,-,-,photo_112.jpg ~ photo_120.jpg (9장),item_811036195091,vintage古着 复古麂皮绒西装夹克商务西服休闲单排扣外套男女AC91
506,10,photo_121.jpg,photo_122.jpg,photo_125.jpg,SPEZZATO MACKENZIE (ONWARD),스웨이드 (라벨/실측카드 소재란 미표기),일본 (ONWARD),46,55,71,58,photo_121.jpg ~ photo_127.jpg (7장),item_811036195091,vintage古着 复古麂皮绒西装夹克商务西服休闲单排扣外套男女AC91
507,C91-#17,photo_128.jpg,photo_129.jpg,photo_132.jpg,빈티지 오리지널,천연가죽,불명,-,-,-,-,photo_128.jpg ~ photo_134.jpg (7장),item_811036195091,vintage古着 复古麂皮绒西装夹克商务西服休闲单排扣外套男女AC91
508,C91-#18,photo_135.jpg,photo_136.jpg,photo_138.jpg,빈티지 오리지널,천연가죽,불명,-,-,-,-,photo_135.jpg ~ photo_142.jpg (8장),item_811036195091,vintage古着 复古麂皮绒西装夹克商务西服休闲单排扣外套男女AC91
509,110,photo_143.jpg,photo_144.jpg,photo_147.jpg,ROUNDTREE & YORKE Outdoors,미표기 (사진상 스웨이드/가죽 소재 추정),중국 (MADE IN CHINA),69,74,90,66,photo_143.jpg ~ photo_151.jpg (9장),item_811036195091,vintage古着 复古麂皮绒西装夹克商务西服休闲单排扣外套男女AC91
510,P61,photo_003.jpg,photo_004.jpg,photo_007.jpg,Brentwood (BW) 95,羊皮 (양가죽/램스킨),미상 (라벨에 제조국 표기 없음),46,53,71,60,photo_003.jpg ~ photo_010.jpg (8장),item_971496915616,vintage古着皮衣 真皮男士绵羊皮西装春秋商务休闲皮夹克外套1L41
511,P62,photo_011.jpg,photo_012.jpg,photo_017.jpg,빈티지 오리지널 (무명),"양가죽 (羊皮, Sheep Leather)",미상 (라벨 판독 불가),48,56,75,61,photo_011.jpg ~ photo_018.jpg (8장),item_971496915616,vintage古着皮衣 真皮男士绵羊皮西装春秋商务休闲皮夹克外套1L41
512,P63,photo_019.jpg,photo_020.jpg,photo_023.jpg,빈티지 오리지널 (무명),"가죽 (천연 레더, 종류 미상)",미상,45,56,70,59,photo_019.jpg ~ photo_024.jpg (6장),item_971496915616,vintage古着皮衣 真皮男士绵羊皮西装春秋商务休闲皮夹克外套1L41
513,L41-#4,photo_025.jpg,photo_026.jpg,photo_031.jpg,빈티지 오리지널,천연가죽,불명,-,-,-,-,photo_025.jpg ~ photo_032.jpg (8장),item_971496915616,vintage古着皮衣 真皮男士绵羊皮西装春秋商务休闲皮夹克外套1L41
514,P65,photo_033.jpg,photo_034.jpg,photo_037.jpg,m+VIO,皮 (가죽),미상,45,52,71,76,photo_033.jpg ~ photo_040.jpg (8장),item_971496915616,vintage古着皮衣 真皮男士绵羊皮西装春秋商务休闲皮夹克外套1L41
515,P66,photo_041.jpg,photo_042.jpg,photo_045.jpg,SALLY & JOHN (NEW YORK),양가죽 (Sheep Leather),"미국 (NEW YORK 표기, 추정)",46,53,74,61,photo_041.jpg ~ photo_048.jpg (8장),item_971496915616,vintage古着皮衣 真皮男士绵羊皮西装春秋商务休闲皮夹克外套1L41
516,P67,photo_049.jpg,photo_050.jpg,photo_053.jpg,JEAN PIERRE (장 피에르) 100,가죽(革) - 상세 가죽 종류 미표기,미표기(판독 불가),49,54,74,59,photo_049.jpg ~ photo_055.jpg (7장),item_971496915616,vintage古着皮衣 真皮男士绵羊皮西装春秋商务休闲皮夹克外套1L41
517,P68,photo_056.jpg,photo_057.jpg,photo_060.jpg,BRENNTANO,양가죽 (羊皮),판독 불가 (라벨상 원산지 표기 없음),47,55,70,61,photo_056.jpg ~ photo_063.jpg (8장),item_971496915616,vintage古着皮衣 真皮男士绵羊皮西装春秋商务休闲皮夹克外套1L41
518,P69,photo_064.jpg,photo_065.jpg,photo_068.jpg,UNDERWOOD,"가죽 (소가죽 추정, 실측카드 '皮' 표기)","일본 (추정, 상표상 제조국 미표기)",49,55,74,63,photo_064.jpg ~ photo_071.jpg (8장),item_971496915616,vintage古着皮衣 真皮男士绵羊皮西装春秋商务休闲皮夹克外套1L41
519,P70,photo_072.jpg,photo_073.jpg,photo_076.jpg,Christian Sian,羊皮,,45,51,71,60,photo_072.jpg ~ photo_079.jpg (8장),item_971496915616,vintage古着皮衣 真皮男士绵羊皮西装春秋商务休闲皮夹克外套1L41
520,P71,photo_080.jpg,photo_081.jpg,photo_083.jpg,빈티지 오리지널 (무명),양가죽,알 수 없음,49,52,72,62,photo_080.jpg ~ photo_086.jpg (7장),item_971496915616,vintage古着皮衣 真皮男士绵羊皮西装春秋商务休闲皮夹克外套1L41
521,P72,photo_087.jpg,photo_088.jpg,photo_091.jpg,Mind Bridge,羊皮 (Sheepskin),미표기,48,53,73,64,photo_087.jpg ~ photo_095.jpg (9장),item_971496915616,vintage古着皮衣 真皮男士绵羊皮西装春秋商务休闲皮夹克外套1L41
522,P73,photo_096.jpg,photo_097.jpg,photo_100.jpg,ICINOO,양가죽 (Sheep Leather),미상 (라벨상 원산지 표기 없음),48,54,70,62,photo_096.jpg ~ photo_103.jpg (8장),item_971496915616,vintage古着皮衣 真皮男士绵羊皮西装春秋商务休闲皮夹克外套1L41
523,P74,photo_104.jpg,photo_105.jpg,photo_108.jpg,Rothschild,양가죽 (羊皮),이탈리아 (Italy),50,57,69,61,photo_104.jpg ~ photo_111.jpg (8장),item_971496915616,vintage古着皮衣 真皮男士绵羊皮西装春秋商务休闲皮夹克外套1L41
524,P15,photo_112.jpg,photo_113.jpg,photo_116.jpg,comodo,羊皮 (양가죽),미확인,47,52,71,61,photo_112.jpg ~ photo_118.jpg (7장),item_971496915616,vintage古着皮衣 真皮男士绵羊皮西装春秋商务休闲皮夹克外套1L41
525,P76,photo_119.jpg,photo_120.jpg,photo_123.jpg,INDIAN,양가죽,확인 불가,48,54,71,60,photo_119.jpg ~ photo_125.jpg (7장),item_971496915616,vintage古着皮衣 真皮男士绵羊皮西装春秋商务休闲皮夹克外套1L41
526,P77,photo_126.jpg,photo_127.jpg,photo_130.jpg,ABARZO,羊皮 (Sheepskin / Lamb Leather),한국 (Korea),48,57,72,64,photo_126.jpg ~ photo_133.jpg (8장),item_971496915616,vintage古着皮衣 真皮男士绵羊皮西装春秋商务休闲皮夹克外套1L41
527,L41-#18,photo_134.jpg,photo_135.jpg,photo_140.jpg,빈티지 오리지널,천연가죽,불명,-,-,-,-,photo_134.jpg ~ photo_141.jpg (8장),item_971496915616,vintage古着皮衣 真皮男士绵羊皮西装春秋商务休闲皮夹克外套1L41
528,P79,photo_142.jpg,photo_143.jpg,photo_147.jpg,빈티지 오리지널 (무명),"양피 (羊皮, Sheepskin)",미상 (판독 불가),51,56,75,63,photo_142.jpg ~ photo_148.jpg (7장),item_971496915616,vintage古着皮衣 真皮男士绵羊皮西装春秋商务休闲皮夹克外套1L41
529,P80,photo_149.jpg,photo_150.jpg,photo_153.jpg,STONE WASHEDS (ITALY),양가죽 (羊皮 / Sheep Leather),이탈리아 (ITALY),46,52,68,63,photo_149.jpg ~ photo_156.jpg (8장),item_971496915616,vintage古着皮衣 真皮男士绵羊皮西装春秋商务休闲皮夹克外套1L41
530,P81,photo_157.jpg,photo_158.jpg,photo_161.jpg,Belles Bell,양가죽 (羊皮),미상,47,58,75,63,photo_157.jpg ~ photo_164.jpg (8장),item_971496915616,vintage古着皮衣 真皮男士绵羊皮西装春秋商务休闲皮夹克外套1L41
531,P82,photo_165.jpg,photo_166.jpg,photo_169.jpg,빈티지 오리지널 (무명),양가죽,판독 불가,49,53,71,61,photo_165.jpg ~ photo_170.jpg (6장),item_971496915616,vintage古着皮衣 真皮男士绵羊皮西装春秋商务休闲皮夹克外套1L41
532,P83,photo_171.jpg,photo_172.jpg,photo_175.jpg,Ucla,양가죽,정보 없음,47,54,75,66,photo_171.jpg ~ photo_178.jpg (8장),item_971496915616,vintage古着皮衣 真皮男士绵羊皮西装春秋商务休闲皮夹克外套1L41
533,P84,photo_179.jpg,photo_180.jpg,photo_185.jpg,빈티지 오리지널 (무명),양가죽 (羊皮),미확인,46,55,73,58,photo_179.jpg ~ photo_186.jpg (8장),item_971496915616,vintage古着皮衣 真皮男士绵羊皮西装春秋商务休闲皮夹克外套1L41
534,P85,photo_187.jpg,photo_188.jpg,photo_192.jpg,빈티지 오리지널 (무명),양가죽 (羊皮 / Sheepskin),미확인 (라벨에 제조국 표기 없음),48,58,71,68,photo_187.jpg ~ photo_193.jpg (7장),item_971496915616,vintage古着皮衣 真皮男士绵羊皮西装春秋商务休闲皮夹克外套1L41
535,P86,photo_194.jpg,photo_195.jpg,photo_198.jpg,CUIO leather,"양가죽 (羊皮, Sheep Leather)",확인불가 (라벨/카드에 원산지 미표기),46,52,72,62,photo_194.jpg ~ photo_201.jpg (8장),item_971496915616,vintage古着皮衣 真皮男士绵羊皮西装春秋商务休闲皮夹克外套1L41
536,P87,photo_202.jpg,photo_203.jpg,photo_206.jpg,빈티지 오리지널 (무명),양가죽 (Sheep Leather),한국 (추정),46,52,74,60,photo_202.jpg ~ photo_208.jpg (7장),item_971496915616,vintage古着皮衣 真皮男士绵羊皮西装春秋商务休闲皮夹克外套1L41
537,P88,photo_209.jpg,photo_210.jpg,photo_213.jpg,McALLEN,양가죽 (羊皮),확인불가 (라벨에 원산지 표기 없음),45,49,71,60,photo_209.jpg ~ photo_216.jpg (8장),item_971496915616,vintage古着皮衣 真皮男士绵羊皮西装春秋商务休闲皮夹克外套1L41
538,P89,photo_217.jpg,photo_218.jpg,photo_221.jpg,G-CLASSIC,羊皮 (양가죽/램스킨),미상,49,57,72,68,photo_217.jpg ~ photo_224.jpg (8장),item_971496915616,vintage古着皮衣 真皮男士绵羊皮西装春秋商务休闲皮夹克外套1L41
539,P90,photo_225.jpg,photo_226.jpg,photo_229.jpg,Eden Furs,羊皮 (Sheep Leather),판독 불가 (라벨 원산지 표기 없음),44,51,68,63,photo_225.jpg ~ photo_233.jpg (9장),item_971496915616,vintage古着皮衣 真皮男士绵羊皮西装春秋商务休闲皮夹克外套1L41
540,T101-#1,photo_002.jpg,photo_003.jpg,photo_008.jpg,빈티지 오리지널,천연가죽,불명,-,-,-,-,photo_002.jpg ~ photo_020.jpg (19장),item_990952511755,vintage古着皮衣 西装夹克简约翻领廓形衬衫款外套百搭笈简男T101
541,T104,photo_021.jpg,photo_022.jpg,photo_026.jpg,DIXIE (CHARTER BRAND),羊皮 (Sheepskin / 양가죽),미상 (라벨에 원산지 표기 없음),52,60,74,63,photo_021.jpg ~ photo_029.jpg (9장),item_990952511755,vintage古着皮衣 西装夹克简约翻领廓形衬衫款外套百搭笈简男T101
542,T105,photo_030.jpg,photo_031.jpg,photo_035.jpg,SH.LEATHER,양가죽 (羊皮),미확인 (라벨에 원산지 표기 없음),48,50,67,52,photo_030.jpg ~ photo_038.jpg (9장),item_990952511755,vintage古着皮衣 西装夹克简约翻领廓形衬衫款外套百搭笈简男T101
543,T106,photo_039.jpg,photo_040.jpg,photo_044.jpg,NET COLLECTION,羊皮 (양가죽 / Sheep Leather),라벨 미표기 (판독불가),51,59,71,63,photo_039.jpg ~ photo_047.jpg (9장),item_990952511755,vintage古着皮衣 西装夹克简约翻领廓形衬衫款外套百搭笈简男T101
544,T107,photo_048.jpg,photo_049.jpg,photo_056.jpg,"판독불가 (라벨 식별 불가, 무명/빈티지 오리지널로 추정)","羊皮 (양가죽, Sheep Leather)",미상 (라벨/카드에 제조국 표기 없음),49,58,74,53,photo_048.jpg ~ photo_057.jpg (10장),item_990952511755,vintage古着皮衣 西装夹克简约翻领廓形衬衫款外套百搭笈简男T101
545,T101-#6,photo_058.jpg,photo_059.jpg,photo_063.jpg,빈티지 오리지널,천연가죽,불명,-,-,-,-,photo_058.jpg ~ photo_067.jpg (10장),item_990952511755,vintage古着皮衣 西装夹克简约翻领廓形衬衫款外套百搭笈简男T101
546,T101-#7,photo_068.jpg,photo_069.jpg,photo_075.jpg,빈티지 오리지널,천연가죽,불명,-,-,-,-,photo_068.jpg ~ photo_076.jpg (9장),item_990952511755,vintage古着皮衣 西装夹克简约翻领廓形衬衫款外套百搭笈简男T101
547,T101-#8,photo_077.jpg,photo_078.jpg,photo_082.jpg,빈티지 오리지널,천연가죽,불명,-,-,-,-,photo_077.jpg ~ photo_085.jpg (9장),item_990952511755,vintage古着皮衣 西装夹克简约翻领廓形衬衫款外套百搭笈简男T101
548,T111,photo_086.jpg,photo_087.jpg,photo_091.jpg,ZIOZIA COMME CA,양가죽 (羊皮),판독 불가 (라벨상 원산지 미표기),48,55,74,62,photo_086.jpg ~ photo_095.jpg (10장),item_990952511755,vintage古着皮衣 西装夹克简约翻领廓形衬衫款外套百搭笈简男T101
549,T101-#10,photo_096.jpg,photo_097.jpg,photo_099.jpg,빈티지 오리지널,천연가죽,불명,-,-,-,-,photo_096.jpg ~ photo_103.jpg (8장),item_990952511755,vintage古着皮衣 西装夹克简约翻领廓形衬衫款外套百搭笈简男T101
550,T113,photo_104.jpg,photo_105.jpg,photo_109.jpg,renoma,소가죽 (牛皮),라벨 미표기 (확인 불가),50,60,70,63,photo_104.jpg ~ photo_111.jpg (8장),item_990952511755,vintage古着皮衣 西装夹克简约翻领廓形衬衫款外套百搭笈简男T101
551,T114,photo_112.jpg,photo_113.jpg,photo_117.jpg,Jacker's,양가죽 (羊皮 / Sheep Leather),일본 (Japan),46,53,73,61,photo_112.jpg ~ photo_120.jpg (9장),item_990952511755,vintage古着皮衣 西装夹克简约翻领廓形衬衫款外套百搭笈简男T101
552,T101-#13,photo_121.jpg,photo_122.jpg,photo_127.jpg,빈티지 오리지널,천연가죽,불명,-,-,-,-,photo_121.jpg ~ photo_128.jpg (8장),item_990952511755,vintage古着皮衣 西装夹克简约翻领廓形衬衫款外套百搭笈简男T101
553,T116,photo_129.jpg,photo_130.jpg,photo_134.jpg,Linea (르네아),소가죽 (牛皮),한국 (라벨에 한국어 '르네아' 표기),49,53,69,56,photo_129.jpg ~ photo_137.jpg (9장),item_990952511755,vintage古着皮衣 西装夹克简约翻领廓形衬衫款外套百搭笈简男T101
554,T101-#15,photo_138.jpg,photo_139.jpg,photo_145.jpg,빈티지 오리지널,천연가죽,불명,-,-,-,-,photo_138.jpg ~ photo_146.jpg (9장),item_990952511755,vintage古着皮衣 西装夹克简约翻领廓形衬衫款外套百搭笈简男T101
555,T101-#16,photo_147.jpg,photo_148.jpg,photo_154.jpg,빈티지 오리지널,천연가죽,불명,-,-,-,-,photo_147.jpg ~ photo_155.jpg (9장),item_990952511755,vintage古着皮衣 西装夹克简约翻领廓形衬衫款外套百搭笈简男T101
556,T101-#17,photo_156.jpg,photo_157.jpg,photo_164.jpg,빈티지 오리지널,천연가죽,불명,-,-,-,-,photo_156.jpg ~ photo_165.jpg (10장),item_990952511755,vintage古着皮衣 西装夹克简约翻领廓形衬衫款外套百搭笈简男T101
